session_id,respID,qID,profileID,altID,obsID,choice,time_total,time_cbc_total,screenout,time_min_total,time_min_cbc,price,capacity,range,type,compatability
d6d6c1e203dcae237d8c203b985eb76e,1,1,180,1,1,0,771,18,red,12.85,0.3,100,3,0.5,Card,iOS/Android
d6d6c1e203dcae237d8c203b985eb76e,1,1,101,2,1,1,771,18,red,12.85,0.3,50,5,0.1,Implantable,iOS/Android
d6d6c1e203dcae237d8c203b985eb76e,1,1,15,3,1,0,771,18,red,12.85,0.3,25,1,0.1,Bracelet,Android
d6d6c1e203dcae237d8c203b985eb76e,1,2,263,1,2,1,771,18,red,12.85,0.3,100,3,1,Bracelet,iOS
d6d6c1e203dcae237d8c203b985eb76e,1,2,233,2,2,0,771,18,red,12.85,0.3,50,1,1,Implantable,Android
d6d6c1e203dcae237d8c203b985eb76e,1,2,61,3,2,0,771,18,red,12.85,0.3,25,3,0.1,Implantable,iOS/Android
d6d6c1e203dcae237d8c203b985eb76e,1,3,180,1,3,0,771,18,red,12.85,0.3,100,3,0.5,Card,iOS/Android
d6d6c1e203dcae237d8c203b985eb76e,1,3,61,2,3,1,771,18,red,12.85,0.3,25,3,0.1,Implantable,iOS/Android
d6d6c1e203dcae237d8c203b985eb76e,1,3,187,3,3,0,771,18,red,12.85,0.3,50,5,0.5,Bracelet,iOS
d6d6c1e203dcae237d8c203b985eb76e,1,4,58,1,4,0,771,18,red,12.85,0.3,100,3,0.1,Ring,Android
d6d6c1e203dcae237d8c203b985eb76e,1,4,220,2,4,0,771,18,red,12.85,0.3,25,1,1,Card,iOS
d6d6c1e203dcae237d8c203b985eb76e,1,4,107,3,4,1,771,18,red,12.85,0.3,100,5,0.1,Bracelet,iOS/Android
d6d6c1e203dcae237d8c203b985eb76e,1,5,150,1,5,0,771,18,red,12.85,0.3,50,3,0.5,Ring,iOS
d6d6c1e203dcae237d8c203b985eb76e,1,5,257,2,5,1,771,18,red,12.85,0.3,50,3,1,Implantable,iOS
d6d6c1e203dcae237d8c203b985eb76e,1,5,310,3,5,0,771,18,red,12.85,0.3,100,5,1,Ring,Android
d6d6c1e203dcae237d8c203b985eb76e,1,6,167,1,6,0,771,18,red,12.85,0.3,100,3,0.5,Bracelet,Android
d6d6c1e203dcae237d8c203b985eb76e,1,6,110,2,6,0,771,18,red,12.85,0.3,25,1,0.5,Ring,iOS
d6d6c1e203dcae237d8c203b985eb76e,1,6,4,3,6,1,771,18,red,12.85,0.3,25,1,0.1,Card,iOS
79584671a59bb1c3c530425dc5634757,2,1,297,1,7,0,157,58,red,2.6166666666666667,0.9666666666666667,100,5,1,Implantable,iOS
79584671a59bb1c3c530425dc5634757,2,1,57,2,7,0,157,58,red,2.6166666666666667,0.9666666666666667,100,3,0.1,Implantable,Android
79584671a59bb1c3c530425dc5634757,2,1,278,3,7,1,157,58,red,2.6166666666666667,0.9666666666666667,25,3,1,Ring,iOS/Android
79584671a59bb1c3c530425dc5634757,2,2,140,1,8,1,157,58,red,2.6166666666666667,0.9666666666666667,50,1,0.5,Card,iOS/Android
79584671a59bb1c3c530425dc5634757,2,2,212,2,8,0,157,58,red,2.6166666666666667,0.9666666666666667,50,5,0.5,Card,iOS/Android
79584671a59bb1c3c530425dc5634757,2,2,213,3,8,0,157,58,red,2.6166666666666667,0.9666666666666667,100,5,0.5,Implantable,iOS/Android
79584671a59bb1c3c530425dc5634757,2,3,13,1,9,0,157,58,red,2.6166666666666667,0.9666666666666667,25,1,0.1,Implantable,Android
79584671a59bb1c3c530425dc5634757,2,3,145,2,9,1,157,58,red,2.6166666666666667,0.9666666666666667,25,3,0.5,Implantable,iOS
79584671a59bb1c3c530425dc5634757,2,3,219,3,9,0,157,58,red,2.6166666666666667,0.9666666666666667,25,1,1,Bracelet,iOS
79584671a59bb1c3c530425dc5634757,2,4,82,1,10,1,157,58,red,2.6166666666666667,0.9666666666666667,100,5,0.1,Ring,iOS
79584671a59bb1c3c530425dc5634757,2,4,220,2,10,0,157,58,red,2.6166666666666667,0.9666666666666667,25,1,1,Card,iOS
79584671a59bb1c3c530425dc5634757,2,4,150,3,10,0,157,58,red,2.6166666666666667,0.9666666666666667,50,3,0.5,Ring,iOS
79584671a59bb1c3c530425dc5634757,2,5,277,1,11,0,157,58,red,2.6166666666666667,0.9666666666666667,25,3,1,Implantable,iOS/Android
79584671a59bb1c3c530425dc5634757,2,5,144,2,11,1,157,58,red,2.6166666666666667,0.9666666666666667,100,1,0.5,Card,iOS/Android
79584671a59bb1c3c530425dc5634757,2,5,274,3,11,0,157,58,red,2.6166666666666667,0.9666666666666667,100,3,1,Ring,Android
79584671a59bb1c3c530425dc5634757,2,6,11,1,12,1,157,58,red,2.6166666666666667,0.9666666666666667,100,1,0.1,Bracelet,iOS
79584671a59bb1c3c530425dc5634757,2,6,100,2,12,0,157,58,red,2.6166666666666667,0.9666666666666667,25,5,0.1,Card,iOS/Android
79584671a59bb1c3c530425dc5634757,2,6,199,3,12,0,157,58,red,2.6166666666666667,0.9666666666666667,50,5,0.5,Bracelet,Android
a42e1762940ffe45d4bcf6eba6cb490b,3,1,156,1,13,1,105,35,red,1.75,0.5833333333333334,100,3,0.5,Card,iOS
a42e1762940ffe45d4bcf6eba6cb490b,3,1,128,2,13,0,105,35,red,1.75,0.5833333333333334,50,1,0.5,Card,Android
a42e1762940ffe45d4bcf6eba6cb490b,3,1,284,3,13,0,105,35,red,1.75,0.5833333333333334,50,3,1,Card,iOS/Android
a42e1762940ffe45d4bcf6eba6cb490b,3,2,262,1,14,0,105,35,red,1.75,0.5833333333333334,100,3,1,Ring,iOS
a42e1762940ffe45d4bcf6eba6cb490b,3,2,154,2,14,0,105,35,red,1.75,0.5833333333333334,100,3,0.5,Ring,iOS
a42e1762940ffe45d4bcf6eba6cb490b,3,2,244,3,14,1,105,35,red,1.75,0.5833333333333334,25,1,1,Card,iOS/Android
a42e1762940ffe45d4bcf6eba6cb490b,3,3,199,1,15,0,105,35,red,1.75,0.5833333333333334,50,5,0.5,Bracelet,Android
a42e1762940ffe45d4bcf6eba6cb490b,3,3,231,2,15,1,105,35,red,1.75,0.5833333333333334,25,1,1,Bracelet,Android
a42e1762940ffe45d4bcf6eba6cb490b,3,3,295,3,15,0,105,35,red,1.75,0.5833333333333334,50,5,1,Bracelet,iOS
a42e1762940ffe45d4bcf6eba6cb490b,3,4,235,1,16,0,105,35,red,1.75,0.5833333333333334,50,1,1,Bracelet,Android
a42e1762940ffe45d4bcf6eba6cb490b,3,4,122,2,16,1,105,35,red,1.75,0.5833333333333334,25,1,0.5,Ring,Android
a42e1762940ffe45d4bcf6eba6cb490b,3,4,268,3,16,0,105,35,red,1.75,0.5833333333333334,25,3,1,Card,Android
a42e1762940ffe45d4bcf6eba6cb490b,3,5,318,1,17,1,105,35,red,1.75,0.5833333333333334,50,5,1,Ring,iOS/Android
a42e1762940ffe45d4bcf6eba6cb490b,3,5,275,2,17,0,105,35,red,1.75,0.5833333333333334,100,3,1,Bracelet,Android
a42e1762940ffe45d4bcf6eba6cb490b,3,5,180,3,17,0,105,35,red,1.75,0.5833333333333334,100,3,0.5,Card,iOS/Android
a42e1762940ffe45d4bcf6eba6cb490b,3,6,310,1,18,0,105,35,red,1.75,0.5833333333333334,100,5,1,Ring,Android
a42e1762940ffe45d4bcf6eba6cb490b,3,6,75,2,18,1,105,35,red,1.75,0.5833333333333334,25,5,0.1,Bracelet,iOS
a42e1762940ffe45d4bcf6eba6cb490b,3,6,200,3,18,0,105,35,red,1.75,0.5833333333333334,50,5,0.5,Card,Android
76f9455204a761cb2b570a30602e30e1,4,1,239,1,19,0,169,63,red,2.816666666666667,1.05,100,1,1,Bracelet,Android
76f9455204a761cb2b570a30602e30e1,4,1,286,2,19,1,169,63,red,2.816666666666667,1.05,100,3,1,Ring,iOS/Android
76f9455204a761cb2b570a30602e30e1,4,1,14,3,19,0,169,63,red,2.816666666666667,1.05,25,1,0.1,Ring,Android
76f9455204a761cb2b570a30602e30e1,4,2,215,1,20,1,169,63,red,2.816666666666667,1.05,100,5,0.5,Bracelet,iOS/Android
76f9455204a761cb2b570a30602e30e1,4,2,255,2,20,0,169,63,red,2.816666666666667,1.05,25,3,1,Bracelet,iOS
76f9455204a761cb2b570a30602e30e1,4,2,157,3,20,0,169,63,red,2.816666666666667,1.05,25,3,0.5,Implantable,Android
76f9455204a761cb2b570a30602e30e1,4,3,270,1,21,0,169,63,red,2.816666666666667,1.05,50,3,1,Ring,Android
76f9455204a761cb2b570a30602e30e1,4,3,309,2,21,1,169,63,red,2.816666666666667,1.05,100,5,1,Implantable,Android
76f9455204a761cb2b570a30602e30e1,4,3,254,3,21,0,169,63,red,2.816666666666667,1.05,25,3,1,Ring,iOS
76f9455204a761cb2b570a30602e30e1,4,4,100,1,22,0,169,63,red,2.816666666666667,1.05,25,5,0.1,Card,iOS/Android
76f9455204a761cb2b570a30602e30e1,4,4,7,2,22,0,169,63,red,2.816666666666667,1.05,50,1,0.1,Bracelet,iOS
76f9455204a761cb2b570a30602e30e1,4,4,287,3,22,1,169,63,red,2.816666666666667,1.05,100,3,1,Bracelet,iOS/Android
76f9455204a761cb2b570a30602e30e1,4,5,176,1,23,1,169,63,red,2.816666666666667,1.05,50,3,0.5,Card,iOS/Android
76f9455204a761cb2b570a30602e30e1,4,5,216,2,23,0,169,63,red,2.816666666666667,1.05,100,5,0.5,Card,iOS/Android
76f9455204a761cb2b570a30602e30e1,4,5,64,3,23,0,169,63,red,2.816666666666667,1.05,25,3,0.1,Card,iOS/Android
76f9455204a761cb2b570a30602e30e1,4,6,243,1,24,0,169,63,red,2.816666666666667,1.05,25,1,1,Bracelet,iOS/Android
76f9455204a761cb2b570a30602e30e1,4,6,84,2,24,1,169,63,red,2.816666666666667,1.05,100,5,0.1,Card,iOS
76f9455204a761cb2b570a30602e30e1,4,6,55,3,24,0,169,63,red,2.816666666666667,1.05,50,3,0.1,Bracelet,Android
1cd54e903778d0aef9dab6aaff9e0ec6,5,1,278,1,25,0,276,62,red,4.6,1.0333333333333334,25,3,1,Ring,iOS/Android
1cd54e903778d0aef9dab6aaff9e0ec6,5,1,184,2,25,0,276,62,red,4.6,1.0333333333333334,25,5,0.5,Card,iOS
1cd54e903778d0aef9dab6aaff9e0ec6,5,1,8,3,25,1,276,62,red,4.6,1.0333333333333334,50,1,0.1,Card,iOS
1cd54e903778d0aef9dab6aaff9e0ec6,5,2,105,1,26,1,276,62,red,4.6,1.0333333333333334,100,5,0.1,Implantable,iOS/Android
1cd54e903778d0aef9dab6aaff9e0ec6,5,2,271,2,26,0,276,62,red,4.6,1.0333333333333334,50,3,1,Bracelet,Android
1cd54e903778d0aef9dab6aaff9e0ec6,5,2,312,3,26,0,276,62,red,4.6,1.0333333333333334,100,5,1,Card,Android
1cd54e903778d0aef9dab6aaff9e0ec6,5,3,224,1,27,0,276,62,red,4.6,1.0333333333333334,50,1,1,Card,iOS
1cd54e903778d0aef9dab6aaff9e0ec6,5,3,10,2,27,0,276,62,red,4.6,1.0333333333333334,100,1,0.1,Ring,iOS
1cd54e903778d0aef9dab6aaff9e0ec6,5,3,116,3,27,1,276,62,red,4.6,1.0333333333333334,50,1,0.5,Card,iOS
1cd54e903778d0aef9dab6aaff9e0ec6,5,4,107,1,28,0,276,62,red,4.6,1.0333333333333334,100,5,0.1,Bracelet,iOS/Android
1cd54e903778d0aef9dab6aaff9e0ec6,5,4,79,2,28,1,276,62,red,4.6,1.0333333333333334,50,5,0.1,Bracelet,iOS
1cd54e903778d0aef9dab6aaff9e0ec6,5,4,130,3,28,0,276,62,red,4.6,1.0333333333333334,100,1,0.5,Ring,Android
1cd54e903778d0aef9dab6aaff9e0ec6,5,5,281,1,29,0,276,62,red,4.6,1.0333333333333334,50,3,1,Implantable,iOS/Android
1cd54e903778d0aef9dab6aaff9e0ec6,5,5,270,2,29,1,276,62,red,4.6,1.0333333333333334,50,3,1,Ring,Android
1cd54e903778d0aef9dab6aaff9e0ec6,5,5,271,3,29,0,276,62,red,4.6,1.0333333333333334,50,3,1,Bracelet,Android
1cd54e903778d0aef9dab6aaff9e0ec6,5,6,9,1,30,0,276,62,red,4.6,1.0333333333333334,100,1,0.1,Implantable,iOS
1cd54e903778d0aef9dab6aaff9e0ec6,5,6,187,2,30,0,276,62,red,4.6,1.0333333333333334,50,5,0.5,Bracelet,iOS
1cd54e903778d0aef9dab6aaff9e0ec6,5,6,119,3,30,1,276,62,red,4.6,1.0333333333333334,100,1,0.5,Bracelet,iOS
d99e4f839bd090b5428262a56636fba6,6,1,53,1,31,0,91,28,red,1.5166666666666666,0.4666666666666667,50,3,0.1,Implantable,Android
d99e4f839bd090b5428262a56636fba6,6,1,13,2,31,1,91,28,red,1.5166666666666666,0.4666666666666667,25,1,0.1,Implantable,Android
d99e4f839bd090b5428262a56636fba6,6,1,196,3,31,0,91,28,red,1.5166666666666666,0.4666666666666667,25,5,0.5,Card,Android
d99e4f839bd090b5428262a56636fba6,6,2,44,1,32,0,91,28,red,1.5166666666666666,0.4666666666666667,50,3,0.1,Card,iOS
d99e4f839bd090b5428262a56636fba6,6,2,249,2,32,1,91,28,red,1.5166666666666666,0.4666666666666667,100,1,1,Implantable,iOS/Android
d99e4f839bd090b5428262a56636fba6,6,2,49,3,32,0,91,28,red,1.5166666666666666,0.4666666666666667,25,3,0.1,Implantable,Android
d99e4f839bd090b5428262a56636fba6,6,3,31,1,33,0,91,28,red,1.5166666666666666,0.4666666666666667,50,1,0.1,Bracelet,iOS/Android
d99e4f839bd090b5428262a56636fba6,6,3,249,2,33,0,91,28,red,1.5166666666666666,0.4666666666666667,100,1,1,Implantable,iOS/Android
d99e4f839bd090b5428262a56636fba6,6,3,276,3,33,1,91,28,red,1.5166666666666666,0.4666666666666667,100,3,1,Card,Android
d99e4f839bd090b5428262a56636fba6,6,4,120,1,34,0,91,28,red,1.5166666666666666,0.4666666666666667,100,1,0.5,Card,iOS
d99e4f839bd090b5428262a56636fba6,6,4,161,2,34,0,91,28,red,1.5166666666666666,0.4666666666666667,50,3,0.5,Implantable,Android
d99e4f839bd090b5428262a56636fba6,6,4,260,3,34,1,91,28,red,1.5166666666666666,0.4666666666666667,50,3,1,Card,iOS
d99e4f839bd090b5428262a56636fba6,6,5,77,1,35,0,91,28,red,1.5166666666666666,0.4666666666666667,50,5,0.1,Implantable,iOS
d99e4f839bd090b5428262a56636fba6,6,5,227,2,35,1,91,28,red,1.5166666666666666,0.4666666666666667,100,1,1,Bracelet,iOS
d99e4f839bd090b5428262a56636fba6,6,5,306,3,35,0,91,28,red,1.5166666666666666,0.4666666666666667,50,5,1,Ring,Android
d99e4f839bd090b5428262a56636fba6,6,6,211,1,36,0,91,28,red,1.5166666666666666,0.4666666666666667,50,5,0.5,Bracelet,iOS/Android
d99e4f839bd090b5428262a56636fba6,6,6,72,2,36,1,91,28,red,1.5166666666666666,0.4666666666666667,100,3,0.1,Card,iOS/Android
d99e4f839bd090b5428262a56636fba6,6,6,180,3,36,0,91,28,red,1.5166666666666666,0.4666666666666667,100,3,0.5,Card,iOS/Android
ed2984f66b4e40c5fd4297064f13e20c,7,1,256,1,37,0,229,79,red,3.816666666666667,1.3166666666666667,25,3,1,Card,iOS
ed2984f66b4e40c5fd4297064f13e20c,7,1,164,2,37,0,229,79,red,3.816666666666667,1.3166666666666667,50,3,0.5,Card,Android
ed2984f66b4e40c5fd4297064f13e20c,7,1,130,3,37,1,229,79,red,3.816666666666667,1.3166666666666667,100,1,0.5,Ring,Android
ed2984f66b4e40c5fd4297064f13e20c,7,2,314,1,38,1,229,79,red,3.816666666666667,1.3166666666666667,25,5,1,Ring,iOS/Android
ed2984f66b4e40c5fd4297064f13e20c,7,2,147,2,38,0,229,79,red,3.816666666666667,1.3166666666666667,25,3,0.5,Bracelet,iOS
ed2984f66b4e40c5fd4297064f13e20c,7,2,78,3,38,0,229,79,red,3.816666666666667,1.3166666666666667,50,5,0.1,Ring,iOS
ed2984f66b4e40c5fd4297064f13e20c,7,3,300,1,39,1,229,79,red,3.816666666666667,1.3166666666666667,100,5,1,Card,iOS
ed2984f66b4e40c5fd4297064f13e20c,7,3,24,2,39,0,229,79,red,3.816666666666667,1.3166666666666667,100,1,0.1,Card,Android
ed2984f66b4e40c5fd4297064f13e20c,7,3,286,3,39,0,229,79,red,3.816666666666667,1.3166666666666667,100,3,1,Ring,iOS/Android
ed2984f66b4e40c5fd4297064f13e20c,7,4,246,1,40,0,229,79,red,3.816666666666667,1.3166666666666667,50,1,1,Ring,iOS/Android
ed2984f66b4e40c5fd4297064f13e20c,7,4,121,2,40,0,229,79,red,3.816666666666667,1.3166666666666667,25,1,0.5,Implantable,Android
ed2984f66b4e40c5fd4297064f13e20c,7,4,180,3,40,1,229,79,red,3.816666666666667,1.3166666666666667,100,3,0.5,Card,iOS/Android
ed2984f66b4e40c5fd4297064f13e20c,7,5,190,1,41,1,229,79,red,3.816666666666667,1.3166666666666667,100,5,0.5,Ring,iOS
ed2984f66b4e40c5fd4297064f13e20c,7,5,265,2,41,0,229,79,red,3.816666666666667,1.3166666666666667,25,3,1,Implantable,Android
ed2984f66b4e40c5fd4297064f13e20c,7,5,274,3,41,0,229,79,red,3.816666666666667,1.3166666666666667,100,3,1,Ring,Android
ed2984f66b4e40c5fd4297064f13e20c,7,6,323,1,42,0,229,79,red,3.816666666666667,1.3166666666666667,100,5,1,Bracelet,iOS/Android
ed2984f66b4e40c5fd4297064f13e20c,7,6,12,2,42,0,229,79,red,3.816666666666667,1.3166666666666667,100,1,0.1,Card,iOS
ed2984f66b4e40c5fd4297064f13e20c,7,6,125,3,42,1,229,79,red,3.816666666666667,1.3166666666666667,50,1,0.5,Implantable,Android
b1b74d8cd9c0f814190f1b4e5c391b69,8,1,116,1,43,0,164,46,red,2.7333333333333334,0.7666666666666667,50,1,0.5,Card,iOS
b1b74d8cd9c0f814190f1b4e5c391b69,8,1,94,2,43,0,164,46,red,2.7333333333333334,0.7666666666666667,100,5,0.1,Ring,Android
b1b74d8cd9c0f814190f1b4e5c391b69,8,1,297,3,43,1,164,46,red,2.7333333333333334,0.7666666666666667,100,5,1,Implantable,iOS
b1b74d8cd9c0f814190f1b4e5c391b69,8,2,2,1,44,0,164,46,red,2.7333333333333334,0.7666666666666667,25,1,0.1,Ring,iOS
b1b74d8cd9c0f814190f1b4e5c391b69,8,2,287,2,44,0,164,46,red,2.7333333333333334,0.7666666666666667,100,3,1,Bracelet,iOS/Android
b1b74d8cd9c0f814190f1b4e5c391b69,8,2,219,3,44,1,164,46,red,2.7333333333333334,0.7666666666666667,25,1,1,Bracelet,iOS
b1b74d8cd9c0f814190f1b4e5c391b69,8,3,239,1,45,1,164,46,red,2.7333333333333334,0.7666666666666667,100,1,1,Bracelet,Android
b1b74d8cd9c0f814190f1b4e5c391b69,8,3,313,2,45,0,164,46,red,2.7333333333333334,0.7666666666666667,25,5,1,Implantable,iOS/Android
b1b74d8cd9c0f814190f1b4e5c391b69,8,3,154,3,45,0,164,46,red,2.7333333333333334,0.7666666666666667,100,3,0.5,Ring,iOS
b1b74d8cd9c0f814190f1b4e5c391b69,8,4,34,1,46,0,164,46,red,2.7333333333333334,0.7666666666666667,100,1,0.1,Ring,iOS/Android
b1b74d8cd9c0f814190f1b4e5c391b69,8,4,21,2,46,1,164,46,red,2.7333333333333334,0.7666666666666667,100,1,0.1,Implantable,Android
b1b74d8cd9c0f814190f1b4e5c391b69,8,4,287,3,46,0,164,46,red,2.7333333333333334,0.7666666666666667,100,3,1,Bracelet,iOS/Android
b1b74d8cd9c0f814190f1b4e5c391b69,8,5,269,1,47,0,164,46,red,2.7333333333333334,0.7666666666666667,50,3,1,Implantable,Android
b1b74d8cd9c0f814190f1b4e5c391b69,8,5,67,2,47,0,164,46,red,2.7333333333333334,0.7666666666666667,50,3,0.1,Bracelet,iOS/Android
b1b74d8cd9c0f814190f1b4e5c391b69,8,5,284,3,47,1,164,46,red,2.7333333333333334,0.7666666666666667,50,3,1,Card,iOS/Android
b1b74d8cd9c0f814190f1b4e5c391b69,8,6,260,1,48,1,164,46,red,2.7333333333333334,0.7666666666666667,50,3,1,Card,iOS
b1b74d8cd9c0f814190f1b4e5c391b69,8,6,12,2,48,0,164,46,red,2.7333333333333334,0.7666666666666667,100,1,0.1,Card,iOS
b1b74d8cd9c0f814190f1b4e5c391b69,8,6,121,3,48,0,164,46,red,2.7333333333333334,0.7666666666666667,25,1,0.5,Implantable,Android
87af770feee0c7e8ada33d8c58de2435,9,1,158,1,49,0,130,49,red,2.1666666666666665,0.8166666666666667,25,3,0.5,Ring,Android
87af770feee0c7e8ada33d8c58de2435,9,1,4,2,49,0,130,49,red,2.1666666666666665,0.8166666666666667,25,1,0.1,Card,iOS
87af770feee0c7e8ada33d8c58de2435,9,1,83,3,49,1,130,49,red,2.1666666666666665,0.8166666666666667,100,5,0.1,Bracelet,iOS
87af770feee0c7e8ada33d8c58de2435,9,2,219,1,50,1,130,49,red,2.1666666666666665,0.8166666666666667,25,1,1,Bracelet,iOS
87af770feee0c7e8ada33d8c58de2435,9,2,287,2,50,0,130,49,red,2.1666666666666665,0.8166666666666667,100,3,1,Bracelet,iOS/Android
87af770feee0c7e8ada33d8c58de2435,9,2,52,3,50,0,130,49,red,2.1666666666666665,0.8166666666666667,25,3,0.1,Card,Android
87af770feee0c7e8ada33d8c58de2435,9,3,267,1,51,1,130,49,red,2.1666666666666665,0.8166666666666667,25,3,1,Bracelet,Android
87af770feee0c7e8ada33d8c58de2435,9,3,174,2,51,0,130,49,red,2.1666666666666665,0.8166666666666667,50,3,0.5,Ring,iOS/Android
87af770feee0c7e8ada33d8c58de2435,9,3,122,3,51,0,130,49,red,2.1666666666666665,0.8166666666666667,25,1,0.5,Ring,Android
87af770feee0c7e8ada33d8c58de2435,9,4,29,1,52,0,130,49,red,2.1666666666666665,0.8166666666666667,50,1,0.1,Implantable,iOS/Android
87af770feee0c7e8ada33d8c58de2435,9,4,119,2,52,1,130,49,red,2.1666666666666665,0.8166666666666667,100,1,0.5,Bracelet,iOS
87af770feee0c7e8ada33d8c58de2435,9,4,26,3,52,0,130,49,red,2.1666666666666665,0.8166666666666667,25,1,0.1,Ring,iOS/Android
87af770feee0c7e8ada33d8c58de2435,9,5,253,1,53,0,130,49,red,2.1666666666666665,0.8166666666666667,25,3,1,Implantable,iOS
87af770feee0c7e8ada33d8c58de2435,9,5,235,2,53,1,130,49,red,2.1666666666666665,0.8166666666666667,50,1,1,Bracelet,Android
87af770feee0c7e8ada33d8c58de2435,9,5,36,3,53,0,130,49,red,2.1666666666666665,0.8166666666666667,100,1,0.1,Card,iOS/Android
87af770feee0c7e8ada33d8c58de2435,9,6,117,1,54,0,130,49,red,2.1666666666666665,0.8166666666666667,100,1,0.5,Implantable,iOS
87af770feee0c7e8ada33d8c58de2435,9,6,166,2,54,0,130,49,red,2.1666666666666665,0.8166666666666667,100,3,0.5,Ring,Android
87af770feee0c7e8ada33d8c58de2435,9,6,235,3,54,1,130,49,red,2.1666666666666665,0.8166666666666667,50,1,1,Bracelet,Android
610e49d136ab233e98f9903065f10f60,10,1,270,1,55,0,154,62,red,2.566666666666667,1.0333333333333334,50,3,1,Ring,Android
610e49d136ab233e98f9903065f10f60,10,1,184,2,55,1,154,62,red,2.566666666666667,1.0333333333333334,25,5,0.5,Card,iOS
610e49d136ab233e98f9903065f10f60,10,1,219,3,55,0,154,62,red,2.566666666666667,1.0333333333333334,25,1,1,Bracelet,iOS
610e49d136ab233e98f9903065f10f60,10,2,260,1,56,1,154,62,red,2.566666666666667,1.0333333333333334,50,3,1,Card,iOS
610e49d136ab233e98f9903065f10f60,10,2,207,2,56,0,154,62,red,2.566666666666667,1.0333333333333334,25,5,0.5,Bracelet,iOS/Android
610e49d136ab233e98f9903065f10f60,10,2,71,3,56,0,154,62,red,2.566666666666667,1.0333333333333334,100,3,0.1,Bracelet,iOS/Android
610e49d136ab233e98f9903065f10f60,10,3,135,1,57,0,154,62,red,2.566666666666667,1.0333333333333334,25,1,0.5,Bracelet,iOS/Android
610e49d136ab233e98f9903065f10f60,10,3,274,2,57,0,154,62,red,2.566666666666667,1.0333333333333334,100,3,1,Ring,Android
610e49d136ab233e98f9903065f10f60,10,3,154,3,57,1,154,62,red,2.566666666666667,1.0333333333333334,100,3,0.5,Ring,iOS
610e49d136ab233e98f9903065f10f60,10,4,43,1,58,0,154,62,red,2.566666666666667,1.0333333333333334,50,3,0.1,Bracelet,iOS
610e49d136ab233e98f9903065f10f60,10,4,251,2,58,0,154,62,red,2.566666666666667,1.0333333333333334,100,1,1,Bracelet,iOS/Android
610e49d136ab233e98f9903065f10f60,10,4,92,3,58,1,154,62,red,2.566666666666667,1.0333333333333334,50,5,0.1,Card,Android
610e49d136ab233e98f9903065f10f60,10,5,24,1,59,0,154,62,red,2.566666666666667,1.0333333333333334,100,1,0.1,Card,Android
610e49d136ab233e98f9903065f10f60,10,5,29,2,59,0,154,62,red,2.566666666666667,1.0333333333333334,50,1,0.1,Implantable,iOS/Android
610e49d136ab233e98f9903065f10f60,10,5,144,3,59,1,154,62,red,2.566666666666667,1.0333333333333334,100,1,0.5,Card,iOS/Android
610e49d136ab233e98f9903065f10f60,10,6,18,1,60,0,154,62,red,2.566666666666667,1.0333333333333334,50,1,0.1,Ring,Android
610e49d136ab233e98f9903065f10f60,10,6,267,2,60,0,154,62,red,2.566666666666667,1.0333333333333334,25,3,1,Bracelet,Android
610e49d136ab233e98f9903065f10f60,10,6,312,3,60,1,154,62,red,2.566666666666667,1.0333333333333334,100,5,1,Card,Android
983a617b486b5ed5480aa346d3ff16e9,11,1,194,1,61,0,214,36,red,3.566666666666667,0.6,25,5,0.5,Ring,Android
983a617b486b5ed5480aa346d3ff16e9,11,1,160,2,61,0,214,36,red,3.566666666666667,0.6,25,3,0.5,Card,Android
983a617b486b5ed5480aa346d3ff16e9,11,1,228,3,61,1,214,36,red,3.566666666666667,0.6,100,1,1,Card,iOS
983a617b486b5ed5480aa346d3ff16e9,11,2,71,1,62,0,214,36,red,3.566666666666667,0.6,100,3,0.1,Bracelet,iOS/Android
983a617b486b5ed5480aa346d3ff16e9,11,2,295,2,62,0,214,36,red,3.566666666666667,0.6,50,5,1,Bracelet,iOS
983a617b486b5ed5480aa346d3ff16e9,11,2,265,3,62,1,214,36,red,3.566666666666667,0.6,25,3,1,Implantable,Android
983a617b486b5ed5480aa346d3ff16e9,11,3,220,1,63,0,214,36,red,3.566666666666667,0.6,25,1,1,Card,iOS
983a617b486b5ed5480aa346d3ff16e9,11,3,246,2,63,1,214,36,red,3.566666666666667,0.6,50,1,1,Ring,iOS/Android
983a617b486b5ed5480aa346d3ff16e9,11,3,55,3,63,0,214,36,red,3.566666666666667,0.6,50,3,0.1,Bracelet,Android
983a617b486b5ed5480aa346d3ff16e9,11,4,15,1,64,0,214,36,red,3.566666666666667,0.6,25,1,0.1,Bracelet,Android
983a617b486b5ed5480aa346d3ff16e9,11,4,159,2,64,0,214,36,red,3.566666666666667,0.6,25,3,0.5,Bracelet,Android
983a617b486b5ed5480aa346d3ff16e9,11,4,44,3,64,1,214,36,red,3.566666666666667,0.6,50,3,0.1,Card,iOS
983a617b486b5ed5480aa346d3ff16e9,11,5,44,1,65,0,214,36,red,3.566666666666667,0.6,50,3,0.1,Card,iOS
983a617b486b5ed5480aa346d3ff16e9,11,5,145,2,65,0,214,36,red,3.566666666666667,0.6,25,3,0.5,Implantable,iOS
983a617b486b5ed5480aa346d3ff16e9,11,5,229,3,65,1,214,36,red,3.566666666666667,0.6,25,1,1,Implantable,Android
983a617b486b5ed5480aa346d3ff16e9,11,6,144,1,66,1,214,36,red,3.566666666666667,0.6,100,1,0.5,Card,iOS/Android
983a617b486b5ed5480aa346d3ff16e9,11,6,208,2,66,0,214,36,red,3.566666666666667,0.6,25,5,0.5,Card,iOS/Android
983a617b486b5ed5480aa346d3ff16e9,11,6,112,3,66,0,214,36,red,3.566666666666667,0.6,25,1,0.5,Card,iOS
72c81f1e94c2779aa772ebce97e9c8a8,12,1,73,1,67,0,157,61,red,2.6166666666666667,1.0166666666666666,25,5,0.1,Implantable,iOS
72c81f1e94c2779aa772ebce97e9c8a8,12,1,235,2,67,1,157,61,red,2.6166666666666667,1.0166666666666666,50,1,1,Bracelet,Android
72c81f1e94c2779aa772ebce97e9c8a8,12,1,129,3,67,0,157,61,red,2.6166666666666667,1.0166666666666666,100,1,0.5,Implantable,Android
72c81f1e94c2779aa772ebce97e9c8a8,12,2,26,1,68,0,157,61,red,2.6166666666666667,1.0166666666666666,25,1,0.1,Ring,iOS/Android
72c81f1e94c2779aa772ebce97e9c8a8,12,2,95,2,68,1,157,61,red,2.6166666666666667,1.0166666666666666,100,5,0.1,Bracelet,Android
72c81f1e94c2779aa772ebce97e9c8a8,12,2,74,3,68,0,157,61,red,2.6166666666666667,1.0166666666666666,25,5,0.1,Ring,iOS
72c81f1e94c2779aa772ebce97e9c8a8,12,3,191,1,69,0,157,61,red,2.6166666666666667,1.0166666666666666,100,5,0.5,Bracelet,iOS
72c81f1e94c2779aa772ebce97e9c8a8,12,3,108,2,69,0,157,61,red,2.6166666666666667,1.0166666666666666,100,5,0.1,Card,iOS/Android
72c81f1e94c2779aa772ebce97e9c8a8,12,3,40,3,69,1,157,61,red,2.6166666666666667,1.0166666666666666,25,3,0.1,Card,iOS
72c81f1e94c2779aa772ebce97e9c8a8,12,4,11,1,70,1,157,61,red,2.6166666666666667,1.0166666666666666,100,1,0.1,Bracelet,iOS
72c81f1e94c2779aa772ebce97e9c8a8,12,4,192,2,70,0,157,61,red,2.6166666666666667,1.0166666666666666,100,5,0.5,Card,iOS
72c81f1e94c2779aa772ebce97e9c8a8,12,4,270,3,70,0,157,61,red,2.6166666666666667,1.0166666666666666,50,3,1,Ring,Android
72c81f1e94c2779aa772ebce97e9c8a8,12,5,49,1,71,1,157,61,red,2.6166666666666667,1.0166666666666666,25,3,0.1,Implantable,Android
72c81f1e94c2779aa772ebce97e9c8a8,12,5,101,2,71,0,157,61,red,2.6166666666666667,1.0166666666666666,50,5,0.1,Implantable,iOS/Android
72c81f1e94c2779aa772ebce97e9c8a8,12,5,112,3,71,0,157,61,red,2.6166666666666667,1.0166666666666666,25,1,0.5,Card,iOS
72c81f1e94c2779aa772ebce97e9c8a8,12,6,21,1,72,1,157,61,red,2.6166666666666667,1.0166666666666666,100,1,0.1,Implantable,Android
72c81f1e94c2779aa772ebce97e9c8a8,12,6,122,2,72,0,157,61,red,2.6166666666666667,1.0166666666666666,25,1,0.5,Ring,Android
72c81f1e94c2779aa772ebce97e9c8a8,12,6,213,3,72,0,157,61,red,2.6166666666666667,1.0166666666666666,100,5,0.5,Implantable,iOS/Android
5784e11c4f9d681ae3060f8730caf16d,13,1,150,1,73,0,141,32,red,2.35,0.5333333333333333,50,3,0.5,Ring,iOS
5784e11c4f9d681ae3060f8730caf16d,13,1,8,2,73,0,141,32,red,2.35,0.5333333333333333,50,1,0.1,Card,iOS
5784e11c4f9d681ae3060f8730caf16d,13,1,111,3,73,1,141,32,red,2.35,0.5333333333333333,25,1,0.5,Bracelet,iOS
5784e11c4f9d681ae3060f8730caf16d,13,2,151,1,74,0,141,32,red,2.35,0.5333333333333333,50,3,0.5,Bracelet,iOS
5784e11c4f9d681ae3060f8730caf16d,13,2,285,2,74,1,141,32,red,2.35,0.5333333333333333,100,3,1,Implantable,iOS/Android
5784e11c4f9d681ae3060f8730caf16d,13,2,220,3,74,0,141,32,red,2.35,0.5333333333333333,25,1,1,Card,iOS
5784e11c4f9d681ae3060f8730caf16d,13,3,68,1,75,0,141,32,red,2.35,0.5333333333333333,50,3,0.1,Card,iOS/Android
5784e11c4f9d681ae3060f8730caf16d,13,3,300,2,75,1,141,32,red,2.35,0.5333333333333333,100,5,1,Card,iOS
5784e11c4f9d681ae3060f8730caf16d,13,3,291,3,75,0,141,32,red,2.35,0.5333333333333333,25,5,1,Bracelet,iOS
5784e11c4f9d681ae3060f8730caf16d,13,4,85,1,76,0,141,32,red,2.35,0.5333333333333333,25,5,0.1,Implantable,Android
5784e11c4f9d681ae3060f8730caf16d,13,4,212,2,76,1,141,32,red,2.35,0.5333333333333333,50,5,0.5,Card,iOS/Android
5784e11c4f9d681ae3060f8730caf16d,13,4,189,3,76,0,141,32,red,2.35,0.5333333333333333,100,5,0.5,Implantable,iOS
5784e11c4f9d681ae3060f8730caf16d,13,5,208,1,77,1,141,32,red,2.35,0.5333333333333333,25,5,0.5,Card,iOS/Android
5784e11c4f9d681ae3060f8730caf16d,13,5,82,2,77,0,141,32,red,2.35,0.5333333333333333,100,5,0.1,Ring,iOS
5784e11c4f9d681ae3060f8730caf16d,13,5,288,3,77,0,141,32,red,2.35,0.5333333333333333,100,3,1,Card,iOS/Android
5784e11c4f9d681ae3060f8730caf16d,13,6,85,1,78,0,141,32,red,2.35,0.5333333333333333,25,5,0.1,Implantable,Android
5784e11c4f9d681ae3060f8730caf16d,13,6,314,2,78,1,141,32,red,2.35,0.5333333333333333,25,5,1,Ring,iOS/Android
5784e11c4f9d681ae3060f8730caf16d,13,6,13,3,78,0,141,32,red,2.35,0.5333333333333333,25,1,0.1,Implantable,Android
b49fa2a70c8b7411a94ef7be288edfd5,14,1,172,1,79,1,236,75,red,3.933333333333333,1.25,25,3,0.5,Card,iOS/Android
b49fa2a70c8b7411a94ef7be288edfd5,14,1,169,2,79,0,236,75,red,3.933333333333333,1.25,25,3,0.5,Implantable,iOS/Android
b49fa2a70c8b7411a94ef7be288edfd5,14,1,259,3,79,0,236,75,red,3.933333333333333,1.25,50,3,1,Bracelet,iOS
b49fa2a70c8b7411a94ef7be288edfd5,14,2,300,1,80,1,236,75,red,3.933333333333333,1.25,100,5,1,Card,iOS
b49fa2a70c8b7411a94ef7be288edfd5,14,2,321,2,80,0,236,75,red,3.933333333333333,1.25,100,5,1,Implantable,iOS/Android
b49fa2a70c8b7411a94ef7be288edfd5,14,2,240,3,80,0,236,75,red,3.933333333333333,1.25,100,1,1,Card,Android
b49fa2a70c8b7411a94ef7be288edfd5,14,3,232,1,81,0,236,75,red,3.933333333333333,1.25,25,1,1,Card,Android
b49fa2a70c8b7411a94ef7be288edfd5,14,3,162,2,81,1,236,75,red,3.933333333333333,1.25,50,3,0.5,Ring,Android
b49fa2a70c8b7411a94ef7be288edfd5,14,3,24,3,81,0,236,75,red,3.933333333333333,1.25,100,1,0.1,Card,Android
b49fa2a70c8b7411a94ef7be288edfd5,14,4,128,1,82,0,236,75,red,3.933333333333333,1.25,50,1,0.5,Card,Android
b49fa2a70c8b7411a94ef7be288edfd5,14,4,307,2,82,1,236,75,red,3.933333333333333,1.25,50,5,1,Bracelet,Android
b49fa2a70c8b7411a94ef7be288edfd5,14,4,119,3,82,0,236,75,red,3.933333333333333,1.25,100,1,0.5,Bracelet,iOS
b49fa2a70c8b7411a94ef7be288edfd5,14,5,134,1,83,0,236,75,red,3.933333333333333,1.25,25,1,0.5,Ring,iOS/Android
b49fa2a70c8b7411a94ef7be288edfd5,14,5,4,2,83,1,236,75,red,3.933333333333333,1.25,25,1,0.1,Card,iOS
b49fa2a70c8b7411a94ef7be288edfd5,14,5,86,3,83,0,236,75,red,3.933333333333333,1.25,25,5,0.1,Ring,Android
b49fa2a70c8b7411a94ef7be288edfd5,14,6,82,1,84,1,236,75,red,3.933333333333333,1.25,100,5,0.1,Ring,iOS
b49fa2a70c8b7411a94ef7be288edfd5,14,6,112,2,84,0,236,75,red,3.933333333333333,1.25,25,1,0.5,Card,iOS
b49fa2a70c8b7411a94ef7be288edfd5,14,6,61,3,84,0,236,75,red,3.933333333333333,1.25,25,3,0.1,Implantable,iOS/Android
eb4ba08828dd3c99d7339f43e90c9f2b,15,1,234,1,85,1,129,32,red,2.15,0.5333333333333333,50,1,1,Ring,Android
eb4ba08828dd3c99d7339f43e90c9f2b,15,1,18,2,85,0,129,32,red,2.15,0.5333333333333333,50,1,0.1,Ring,Android
eb4ba08828dd3c99d7339f43e90c9f2b,15,1,152,3,85,0,129,32,red,2.15,0.5333333333333333,50,3,0.5,Card,iOS
eb4ba08828dd3c99d7339f43e90c9f2b,15,2,220,1,86,0,129,32,red,2.15,0.5333333333333333,25,1,1,Card,iOS
eb4ba08828dd3c99d7339f43e90c9f2b,15,2,122,2,86,1,129,32,red,2.15,0.5333333333333333,25,1,0.5,Ring,Android
eb4ba08828dd3c99d7339f43e90c9f2b,15,2,193,3,86,0,129,32,red,2.15,0.5333333333333333,25,5,0.5,Implantable,Android
eb4ba08828dd3c99d7339f43e90c9f2b,15,3,23,1,87,1,129,32,red,2.15,0.5333333333333333,100,1,0.1,Bracelet,Android
eb4ba08828dd3c99d7339f43e90c9f2b,15,3,248,2,87,0,129,32,red,2.15,0.5333333333333333,50,1,1,Card,iOS/Android
eb4ba08828dd3c99d7339f43e90c9f2b,15,3,209,3,87,0,129,32,red,2.15,0.5333333333333333,50,5,0.5,Implantable,iOS/Android
eb4ba08828dd3c99d7339f43e90c9f2b,15,4,240,1,88,1,129,32,red,2.15,0.5333333333333333,100,1,1,Card,Android
eb4ba08828dd3c99d7339f43e90c9f2b,15,4,190,2,88,0,129,32,red,2.15,0.5333333333333333,100,5,0.5,Ring,iOS
eb4ba08828dd3c99d7339f43e90c9f2b,15,4,137,3,88,0,129,32,red,2.15,0.5333333333333333,50,1,0.5,Implantable,iOS/Android
eb4ba08828dd3c99d7339f43e90c9f2b,15,5,295,1,89,1,129,32,red,2.15,0.5333333333333333,50,5,1,Bracelet,iOS
eb4ba08828dd3c99d7339f43e90c9f2b,15,5,2,2,89,0,129,32,red,2.15,0.5333333333333333,25,1,0.1,Ring,iOS
eb4ba08828dd3c99d7339f43e90c9f2b,15,5,281,3,89,0,129,32,red,2.15,0.5333333333333333,50,3,1,Implantable,iOS/Android
eb4ba08828dd3c99d7339f43e90c9f2b,15,6,173,1,90,1,129,32,red,2.15,0.5333333333333333,50,3,0.5,Implantable,iOS/Android
eb4ba08828dd3c99d7339f43e90c9f2b,15,6,231,2,90,0,129,32,red,2.15,0.5333333333333333,25,1,1,Bracelet,Android
eb4ba08828dd3c99d7339f43e90c9f2b,15,6,21,3,90,0,129,32,red,2.15,0.5333333333333333,100,1,0.1,Implantable,Android
35b7e6929ce90d9c5527cc1c1373d45a,16,1,34,1,91,1,284,105,red,4.733333333333333,1.75,100,1,0.1,Ring,iOS/Android
35b7e6929ce90d9c5527cc1c1373d45a,16,1,64,2,91,0,284,105,red,4.733333333333333,1.75,25,3,0.1,Card,iOS/Android
35b7e6929ce90d9c5527cc1c1373d45a,16,1,70,3,91,0,284,105,red,4.733333333333333,1.75,100,3,0.1,Ring,iOS/Android
35b7e6929ce90d9c5527cc1c1373d45a,16,2,39,1,92,0,284,105,red,4.733333333333333,1.75,25,3,0.1,Bracelet,iOS
35b7e6929ce90d9c5527cc1c1373d45a,16,2,165,2,92,1,284,105,red,4.733333333333333,1.75,100,3,0.5,Implantable,Android
35b7e6929ce90d9c5527cc1c1373d45a,16,2,67,3,92,0,284,105,red,4.733333333333333,1.75,50,3,0.1,Bracelet,iOS/Android
35b7e6929ce90d9c5527cc1c1373d45a,16,3,139,1,93,0,284,105,red,4.733333333333333,1.75,50,1,0.5,Bracelet,iOS/Android
35b7e6929ce90d9c5527cc1c1373d45a,16,3,90,2,93,1,284,105,red,4.733333333333333,1.75,50,5,0.1,Ring,Android
35b7e6929ce90d9c5527cc1c1373d45a,16,3,288,3,93,0,284,105,red,4.733333333333333,1.75,100,3,1,Card,iOS/Android
35b7e6929ce90d9c5527cc1c1373d45a,16,4,6,1,94,0,284,105,red,4.733333333333333,1.75,50,1,0.1,Ring,iOS
35b7e6929ce90d9c5527cc1c1373d45a,16,4,231,2,94,1,284,105,red,4.733333333333333,1.75,25,1,1,Bracelet,Android
35b7e6929ce90d9c5527cc1c1373d45a,16,4,320,3,94,0,284,105,red,4.733333333333333,1.75,50,5,1,Card,iOS/Android
35b7e6929ce90d9c5527cc1c1373d45a,16,5,290,1,95,1,284,105,red,4.733333333333333,1.75,25,5,1,Ring,iOS
35b7e6929ce90d9c5527cc1c1373d45a,16,5,296,2,95,0,284,105,red,4.733333333333333,1.75,50,5,1,Card,iOS
35b7e6929ce90d9c5527cc1c1373d45a,16,5,7,3,95,0,284,105,red,4.733333333333333,1.75,50,1,0.1,Bracelet,iOS
35b7e6929ce90d9c5527cc1c1373d45a,16,6,105,1,96,0,284,105,red,4.733333333333333,1.75,100,5,0.1,Implantable,iOS/Android
35b7e6929ce90d9c5527cc1c1373d45a,16,6,142,2,96,1,284,105,red,4.733333333333333,1.75,100,1,0.5,Ring,iOS/Android
35b7e6929ce90d9c5527cc1c1373d45a,16,6,234,3,96,0,284,105,red,4.733333333333333,1.75,50,1,1,Ring,Android
6bd7135a0f24fcad316345f3e218223c,17,1,129,1,97,0,150,60,red,2.5,1,100,1,0.5,Implantable,Android
6bd7135a0f24fcad316345f3e218223c,17,1,20,2,97,0,150,60,red,2.5,1,50,1,0.1,Card,Android
6bd7135a0f24fcad316345f3e218223c,17,1,5,3,97,1,150,60,red,2.5,1,50,1,0.1,Implantable,iOS
6bd7135a0f24fcad316345f3e218223c,17,2,133,1,98,0,150,60,red,2.5,1,25,1,0.5,Implantable,iOS/Android
6bd7135a0f24fcad316345f3e218223c,17,2,30,2,98,0,150,60,red,2.5,1,50,1,0.1,Ring,iOS/Android
6bd7135a0f24fcad316345f3e218223c,17,2,218,3,98,1,150,60,red,2.5,1,25,1,1,Ring,iOS
6bd7135a0f24fcad316345f3e218223c,17,3,304,1,99,1,150,60,red,2.5,1,25,5,1,Card,Android
6bd7135a0f24fcad316345f3e218223c,17,3,158,2,99,0,150,60,red,2.5,1,25,3,0.5,Ring,Android
6bd7135a0f24fcad316345f3e218223c,17,3,87,3,99,0,150,60,red,2.5,1,25,5,0.1,Bracelet,Android
6bd7135a0f24fcad316345f3e218223c,17,4,56,1,100,0,150,60,red,2.5,1,50,3,0.1,Card,Android
6bd7135a0f24fcad316345f3e218223c,17,4,64,2,100,0,150,60,red,2.5,1,25,3,0.1,Card,iOS/Android
6bd7135a0f24fcad316345f3e218223c,17,4,311,3,100,1,150,60,red,2.5,1,100,5,1,Bracelet,Android
6bd7135a0f24fcad316345f3e218223c,17,5,126,1,101,0,150,60,red,2.5,1,50,1,0.5,Ring,Android
6bd7135a0f24fcad316345f3e218223c,17,5,63,2,101,1,150,60,red,2.5,1,25,3,0.1,Bracelet,iOS/Android
6bd7135a0f24fcad316345f3e218223c,17,5,102,3,101,0,150,60,red,2.5,1,50,5,0.1,Ring,iOS/Android
6bd7135a0f24fcad316345f3e218223c,17,6,300,1,102,0,150,60,red,2.5,1,100,5,1,Card,iOS
6bd7135a0f24fcad316345f3e218223c,17,6,125,2,102,0,150,60,red,2.5,1,50,1,0.5,Implantable,Android
6bd7135a0f24fcad316345f3e218223c,17,6,21,3,102,1,150,60,red,2.5,1,100,1,0.1,Implantable,Android
f2b6fcfcbed78fd77df90cdb03454f16,18,1,71,1,103,0,182,73,red,3.033333333333333,1.2166666666666666,100,3,0.1,Bracelet,iOS/Android
f2b6fcfcbed78fd77df90cdb03454f16,18,1,159,2,103,1,182,73,red,3.033333333333333,1.2166666666666666,25,3,0.5,Bracelet,Android
f2b6fcfcbed78fd77df90cdb03454f16,18,1,18,3,103,0,182,73,red,3.033333333333333,1.2166666666666666,50,1,0.1,Ring,Android
f2b6fcfcbed78fd77df90cdb03454f16,18,2,154,1,104,0,182,73,red,3.033333333333333,1.2166666666666666,100,3,0.5,Ring,iOS
f2b6fcfcbed78fd77df90cdb03454f16,18,2,282,2,104,1,182,73,red,3.033333333333333,1.2166666666666666,50,3,1,Ring,iOS/Android
f2b6fcfcbed78fd77df90cdb03454f16,18,2,304,3,104,0,182,73,red,3.033333333333333,1.2166666666666666,25,5,1,Card,Android
f2b6fcfcbed78fd77df90cdb03454f16,18,3,238,1,105,0,182,73,red,3.033333333333333,1.2166666666666666,100,1,1,Ring,Android
f2b6fcfcbed78fd77df90cdb03454f16,18,3,167,2,105,0,182,73,red,3.033333333333333,1.2166666666666666,100,3,0.5,Bracelet,Android
f2b6fcfcbed78fd77df90cdb03454f16,18,3,39,3,105,1,182,73,red,3.033333333333333,1.2166666666666666,25,3,0.1,Bracelet,iOS
f2b6fcfcbed78fd77df90cdb03454f16,18,4,72,1,106,1,182,73,red,3.033333333333333,1.2166666666666666,100,3,0.1,Card,iOS/Android
f2b6fcfcbed78fd77df90cdb03454f16,18,4,141,2,106,0,182,73,red,3.033333333333333,1.2166666666666666,100,1,0.5,Implantable,iOS/Android
f2b6fcfcbed78fd77df90cdb03454f16,18,4,54,3,106,0,182,73,red,3.033333333333333,1.2166666666666666,50,3,0.1,Ring,Android
f2b6fcfcbed78fd77df90cdb03454f16,18,5,57,1,107,0,182,73,red,3.033333333333333,1.2166666666666666,100,3,0.1,Implantable,Android
f2b6fcfcbed78fd77df90cdb03454f16,18,5,313,2,107,1,182,73,red,3.033333333333333,1.2166666666666666,25,5,1,Implantable,iOS/Android
f2b6fcfcbed78fd77df90cdb03454f16,18,5,63,3,107,0,182,73,red,3.033333333333333,1.2166666666666666,25,3,0.1,Bracelet,iOS/Android
f2b6fcfcbed78fd77df90cdb03454f16,18,6,140,1,108,1,182,73,red,3.033333333333333,1.2166666666666666,50,1,0.5,Card,iOS/Android
f2b6fcfcbed78fd77df90cdb03454f16,18,6,62,2,108,0,182,73,red,3.033333333333333,1.2166666666666666,25,3,0.1,Ring,iOS/Android
f2b6fcfcbed78fd77df90cdb03454f16,18,6,175,3,108,0,182,73,red,3.033333333333333,1.2166666666666666,50,3,0.5,Bracelet,iOS/Android
fb141fc29f604e7eb8acf058f806a348,19,1,247,1,109,0,237,88,red,3.95,1.4666666666666666,50,1,1,Bracelet,iOS/Android
fb141fc29f604e7eb8acf058f806a348,19,1,234,2,109,0,237,88,red,3.95,1.4666666666666666,50,1,1,Ring,Android
fb141fc29f604e7eb8acf058f806a348,19,1,185,3,109,1,237,88,red,3.95,1.4666666666666666,50,5,0.5,Implantable,iOS
fb141fc29f604e7eb8acf058f806a348,19,2,165,1,110,0,237,88,red,3.95,1.4666666666666666,100,3,0.5,Implantable,Android
fb141fc29f604e7eb8acf058f806a348,19,2,55,2,110,1,237,88,red,3.95,1.4666666666666666,50,3,0.1,Bracelet,Android
fb141fc29f604e7eb8acf058f806a348,19,2,293,3,110,0,237,88,red,3.95,1.4666666666666666,50,5,1,Implantable,iOS
fb141fc29f604e7eb8acf058f806a348,19,3,227,1,111,1,237,88,red,3.95,1.4666666666666666,100,1,1,Bracelet,iOS
fb141fc29f604e7eb8acf058f806a348,19,3,317,2,111,0,237,88,red,3.95,1.4666666666666666,50,5,1,Implantable,iOS/Android
fb141fc29f604e7eb8acf058f806a348,19,3,307,3,111,0,237,88,red,3.95,1.4666666666666666,50,5,1,Bracelet,Android
fb141fc29f604e7eb8acf058f806a348,19,4,87,1,112,0,237,88,red,3.95,1.4666666666666666,25,5,0.1,Bracelet,Android
fb141fc29f604e7eb8acf058f806a348,19,4,202,2,112,0,237,88,red,3.95,1.4666666666666666,100,5,0.5,Ring,Android
fb141fc29f604e7eb8acf058f806a348,19,4,307,3,112,1,237,88,red,3.95,1.4666666666666666,50,5,1,Bracelet,Android
fb141fc29f604e7eb8acf058f806a348,19,5,195,1,113,1,237,88,red,3.95,1.4666666666666666,25,5,0.5,Bracelet,Android
fb141fc29f604e7eb8acf058f806a348,19,5,274,2,113,0,237,88,red,3.95,1.4666666666666666,100,3,1,Ring,Android
fb141fc29f604e7eb8acf058f806a348,19,5,223,3,113,0,237,88,red,3.95,1.4666666666666666,50,1,1,Bracelet,iOS
fb141fc29f604e7eb8acf058f806a348,19,6,218,1,114,0,237,88,red,3.95,1.4666666666666666,25,1,1,Ring,iOS
fb141fc29f604e7eb8acf058f806a348,19,6,263,2,114,1,237,88,red,3.95,1.4666666666666666,100,3,1,Bracelet,iOS
fb141fc29f604e7eb8acf058f806a348,19,6,201,3,114,0,237,88,red,3.95,1.4666666666666666,100,5,0.5,Implantable,Android
6276ddac07e5db66b4aac94eef2e5732,20,1,254,1,115,0,235,19,red,3.9166666666666665,0.31666666666666665,25,3,1,Ring,iOS
6276ddac07e5db66b4aac94eef2e5732,20,1,318,2,115,0,235,19,red,3.9166666666666665,0.31666666666666665,50,5,1,Ring,iOS/Android
6276ddac07e5db66b4aac94eef2e5732,20,1,224,3,115,1,235,19,red,3.9166666666666665,0.31666666666666665,50,1,1,Card,iOS
6276ddac07e5db66b4aac94eef2e5732,20,2,73,1,116,1,235,19,red,3.9166666666666665,0.31666666666666665,25,5,0.1,Implantable,iOS
6276ddac07e5db66b4aac94eef2e5732,20,2,152,2,116,0,235,19,red,3.9166666666666665,0.31666666666666665,50,3,0.5,Card,iOS
6276ddac07e5db66b4aac94eef2e5732,20,2,93,3,116,0,235,19,red,3.9166666666666665,0.31666666666666665,100,5,0.1,Implantable,Android
6276ddac07e5db66b4aac94eef2e5732,20,3,141,1,117,0,235,19,red,3.9166666666666665,0.31666666666666665,100,1,0.5,Implantable,iOS/Android
6276ddac07e5db66b4aac94eef2e5732,20,3,288,2,117,0,235,19,red,3.9166666666666665,0.31666666666666665,100,3,1,Card,iOS/Android
6276ddac07e5db66b4aac94eef2e5732,20,3,105,3,117,1,235,19,red,3.9166666666666665,0.31666666666666665,100,5,0.1,Implantable,iOS/Android
6276ddac07e5db66b4aac94eef2e5732,20,4,175,1,118,0,235,19,red,3.9166666666666665,0.31666666666666665,50,3,0.5,Bracelet,iOS/Android
6276ddac07e5db66b4aac94eef2e5732,20,4,102,2,118,0,235,19,red,3.9166666666666665,0.31666666666666665,50,5,0.1,Ring,iOS/Android
6276ddac07e5db66b4aac94eef2e5732,20,4,181,3,118,1,235,19,red,3.9166666666666665,0.31666666666666665,25,5,0.5,Implantable,iOS
6276ddac07e5db66b4aac94eef2e5732,20,5,265,1,119,0,235,19,red,3.9166666666666665,0.31666666666666665,25,3,1,Implantable,Android
6276ddac07e5db66b4aac94eef2e5732,20,5,147,2,119,0,235,19,red,3.9166666666666665,0.31666666666666665,25,3,0.5,Bracelet,iOS
6276ddac07e5db66b4aac94eef2e5732,20,5,215,3,119,1,235,19,red,3.9166666666666665,0.31666666666666665,100,5,0.5,Bracelet,iOS/Android
6276ddac07e5db66b4aac94eef2e5732,20,6,267,1,120,0,235,19,red,3.9166666666666665,0.31666666666666665,25,3,1,Bracelet,Android
6276ddac07e5db66b4aac94eef2e5732,20,6,236,2,120,1,235,19,red,3.9166666666666665,0.31666666666666665,50,1,1,Card,Android
6276ddac07e5db66b4aac94eef2e5732,20,6,183,3,120,0,235,19,red,3.9166666666666665,0.31666666666666665,25,5,0.5,Bracelet,iOS
f56311ec779c20eb027ea8ee9d2f2e0e,21,1,25,1,121,0,504.99999999999994,45,red,8.416666666666666,0.75,25,1,0.1,Implantable,iOS/Android
f56311ec779c20eb027ea8ee9d2f2e0e,21,1,280,2,121,0,504.99999999999994,45,red,8.416666666666666,0.75,25,3,1,Card,iOS/Android
f56311ec779c20eb027ea8ee9d2f2e0e,21,1,223,3,121,1,504.99999999999994,45,red,8.416666666666666,0.75,50,1,1,Bracelet,iOS
f56311ec779c20eb027ea8ee9d2f2e0e,21,2,104,1,122,0,504.99999999999994,45,red,8.416666666666666,0.75,50,5,0.1,Card,iOS/Android
f56311ec779c20eb027ea8ee9d2f2e0e,21,2,304,2,122,0,504.99999999999994,45,red,8.416666666666666,0.75,25,5,1,Card,Android
f56311ec779c20eb027ea8ee9d2f2e0e,21,2,208,3,122,1,504.99999999999994,45,red,8.416666666666666,0.75,25,5,0.5,Card,iOS/Android
f56311ec779c20eb027ea8ee9d2f2e0e,21,3,235,1,123,1,504.99999999999994,45,red,8.416666666666666,0.75,50,1,1,Bracelet,Android
f56311ec779c20eb027ea8ee9d2f2e0e,21,3,205,2,123,0,504.99999999999994,45,red,8.416666666666666,0.75,25,5,0.5,Implantable,iOS/Android
f56311ec779c20eb027ea8ee9d2f2e0e,21,3,93,3,123,0,504.99999999999994,45,red,8.416666666666666,0.75,100,5,0.1,Implantable,Android
f56311ec779c20eb027ea8ee9d2f2e0e,21,4,238,1,124,0,504.99999999999994,45,red,8.416666666666666,0.75,100,1,1,Ring,Android
f56311ec779c20eb027ea8ee9d2f2e0e,21,4,46,2,124,1,504.99999999999994,45,red,8.416666666666666,0.75,100,3,0.1,Ring,iOS
f56311ec779c20eb027ea8ee9d2f2e0e,21,4,75,3,124,0,504.99999999999994,45,red,8.416666666666666,0.75,25,5,0.1,Bracelet,iOS
f56311ec779c20eb027ea8ee9d2f2e0e,21,5,256,1,125,0,504.99999999999994,45,red,8.416666666666666,0.75,25,3,1,Card,iOS
f56311ec779c20eb027ea8ee9d2f2e0e,21,5,315,2,125,1,504.99999999999994,45,red,8.416666666666666,0.75,25,5,1,Bracelet,iOS/Android
f56311ec779c20eb027ea8ee9d2f2e0e,21,5,168,3,125,0,504.99999999999994,45,red,8.416666666666666,0.75,100,3,0.5,Card,Android
f56311ec779c20eb027ea8ee9d2f2e0e,21,6,255,1,126,0,504.99999999999994,45,red,8.416666666666666,0.75,25,3,1,Bracelet,iOS
f56311ec779c20eb027ea8ee9d2f2e0e,21,6,312,2,126,0,504.99999999999994,45,red,8.416666666666666,0.75,100,5,1,Card,Android
f56311ec779c20eb027ea8ee9d2f2e0e,21,6,309,3,126,1,504.99999999999994,45,red,8.416666666666666,0.75,100,5,1,Implantable,Android
fb72d21e0f8c5fca5102f86c6dec095a,22,1,207,1,127,1,202,11,red,3.3666666666666667,0.18333333333333332,25,5,0.5,Bracelet,iOS/Android
fb72d21e0f8c5fca5102f86c6dec095a,22,1,95,2,127,0,202,11,red,3.3666666666666667,0.18333333333333332,100,5,0.1,Bracelet,Android
fb72d21e0f8c5fca5102f86c6dec095a,22,1,305,3,127,0,202,11,red,3.3666666666666667,0.18333333333333332,50,5,1,Implantable,Android
fb72d21e0f8c5fca5102f86c6dec095a,22,2,35,1,128,0,202,11,red,3.3666666666666667,0.18333333333333332,100,1,0.1,Bracelet,iOS/Android
fb72d21e0f8c5fca5102f86c6dec095a,22,2,15,2,128,1,202,11,red,3.3666666666666667,0.18333333333333332,25,1,0.1,Bracelet,Android
fb72d21e0f8c5fca5102f86c6dec095a,22,2,252,3,128,0,202,11,red,3.3666666666666667,0.18333333333333332,100,1,1,Card,iOS/Android
fb72d21e0f8c5fca5102f86c6dec095a,22,3,254,1,129,0,202,11,red,3.3666666666666667,0.18333333333333332,25,3,1,Ring,iOS
fb72d21e0f8c5fca5102f86c6dec095a,22,3,13,2,129,1,202,11,red,3.3666666666666667,0.18333333333333332,25,1,0.1,Implantable,Android
fb72d21e0f8c5fca5102f86c6dec095a,22,3,271,3,129,0,202,11,red,3.3666666666666667,0.18333333333333332,50,3,1,Bracelet,Android
fb72d21e0f8c5fca5102f86c6dec095a,22,4,152,1,130,1,202,11,red,3.3666666666666667,0.18333333333333332,50,3,0.5,Card,iOS
fb72d21e0f8c5fca5102f86c6dec095a,22,4,200,2,130,0,202,11,red,3.3666666666666667,0.18333333333333332,50,5,0.5,Card,Android
fb72d21e0f8c5fca5102f86c6dec095a,22,4,21,3,130,0,202,11,red,3.3666666666666667,0.18333333333333332,100,1,0.1,Implantable,Android
fb72d21e0f8c5fca5102f86c6dec095a,22,5,320,1,131,0,202,11,red,3.3666666666666667,0.18333333333333332,50,5,1,Card,iOS/Android
fb72d21e0f8c5fca5102f86c6dec095a,22,5,167,2,131,1,202,11,red,3.3666666666666667,0.18333333333333332,100,3,0.5,Bracelet,Android
fb72d21e0f8c5fca5102f86c6dec095a,22,5,19,3,131,0,202,11,red,3.3666666666666667,0.18333333333333332,50,1,0.1,Bracelet,Android
fb72d21e0f8c5fca5102f86c6dec095a,22,6,169,1,132,0,202,11,red,3.3666666666666667,0.18333333333333332,25,3,0.5,Implantable,iOS/Android
fb72d21e0f8c5fca5102f86c6dec095a,22,6,303,2,132,1,202,11,red,3.3666666666666667,0.18333333333333332,25,5,1,Bracelet,Android
fb72d21e0f8c5fca5102f86c6dec095a,22,6,64,3,132,0,202,11,red,3.3666666666666667,0.18333333333333332,25,3,0.1,Card,iOS/Android
4e7c09262e0eed4338d9e2b449fa429f,23,1,134,1,133,0,120,15,red,2,0.25,25,1,0.5,Ring,iOS/Android
4e7c09262e0eed4338d9e2b449fa429f,23,1,213,2,133,1,120,15,red,2,0.25,100,5,0.5,Implantable,iOS/Android
4e7c09262e0eed4338d9e2b449fa429f,23,1,95,3,133,0,120,15,red,2,0.25,100,5,0.1,Bracelet,Android
4e7c09262e0eed4338d9e2b449fa429f,23,2,317,1,134,0,120,15,red,2,0.25,50,5,1,Implantable,iOS/Android
4e7c09262e0eed4338d9e2b449fa429f,23,2,49,2,134,0,120,15,red,2,0.25,25,3,0.1,Implantable,Android
4e7c09262e0eed4338d9e2b449fa429f,23,2,165,3,134,1,120,15,red,2,0.25,100,3,0.5,Implantable,Android
4e7c09262e0eed4338d9e2b449fa429f,23,3,64,1,135,1,120,15,red,2,0.25,25,3,0.1,Card,iOS/Android
4e7c09262e0eed4338d9e2b449fa429f,23,3,175,2,135,0,120,15,red,2,0.25,50,3,0.5,Bracelet,iOS/Android
4e7c09262e0eed4338d9e2b449fa429f,23,3,12,3,135,0,120,15,red,2,0.25,100,1,0.1,Card,iOS
4e7c09262e0eed4338d9e2b449fa429f,23,4,6,1,136,0,120,15,red,2,0.25,50,1,0.1,Ring,iOS
4e7c09262e0eed4338d9e2b449fa429f,23,4,323,2,136,1,120,15,red,2,0.25,100,5,1,Bracelet,iOS/Android
4e7c09262e0eed4338d9e2b449fa429f,23,4,259,3,136,0,120,15,red,2,0.25,50,3,1,Bracelet,iOS
4e7c09262e0eed4338d9e2b449fa429f,23,5,86,1,137,0,120,15,red,2,0.25,25,5,0.1,Ring,Android
4e7c09262e0eed4338d9e2b449fa429f,23,5,135,2,137,1,120,15,red,2,0.25,25,1,0.5,Bracelet,iOS/Android
4e7c09262e0eed4338d9e2b449fa429f,23,5,312,3,137,0,120,15,red,2,0.25,100,5,1,Card,Android
4e7c09262e0eed4338d9e2b449fa429f,23,6,107,1,138,0,120,15,red,2,0.25,100,5,0.1,Bracelet,iOS/Android
4e7c09262e0eed4338d9e2b449fa429f,23,6,274,2,138,1,120,15,red,2,0.25,100,3,1,Ring,Android
4e7c09262e0eed4338d9e2b449fa429f,23,6,308,3,138,0,120,15,red,2,0.25,50,5,1,Card,Android
5b744423aff8776772fa32b9f1fbceb7,24,1,168,1,139,0,894,18,red,14.9,0.3,100,3,0.5,Card,Android
5b744423aff8776772fa32b9f1fbceb7,24,1,290,2,139,1,894,18,red,14.9,0.3,25,5,1,Ring,iOS
5b744423aff8776772fa32b9f1fbceb7,24,1,115,3,139,0,894,18,red,14.9,0.3,50,1,0.5,Bracelet,iOS
5b744423aff8776772fa32b9f1fbceb7,24,2,297,1,140,1,894,18,red,14.9,0.3,100,5,1,Implantable,iOS
5b744423aff8776772fa32b9f1fbceb7,24,2,39,2,140,0,894,18,red,14.9,0.3,25,3,0.1,Bracelet,iOS
5b744423aff8776772fa32b9f1fbceb7,24,2,50,3,140,0,894,18,red,14.9,0.3,25,3,0.1,Ring,Android
5b744423aff8776772fa32b9f1fbceb7,24,3,269,1,141,0,894,18,red,14.9,0.3,50,3,1,Implantable,Android
5b744423aff8776772fa32b9f1fbceb7,24,3,122,2,141,0,894,18,red,14.9,0.3,25,1,0.5,Ring,Android
5b744423aff8776772fa32b9f1fbceb7,24,3,176,3,141,1,894,18,red,14.9,0.3,50,3,0.5,Card,iOS/Android
5b744423aff8776772fa32b9f1fbceb7,24,4,24,1,142,1,894,18,red,14.9,0.3,100,1,0.1,Card,Android
5b744423aff8776772fa32b9f1fbceb7,24,4,165,2,142,0,894,18,red,14.9,0.3,100,3,0.5,Implantable,Android
5b744423aff8776772fa32b9f1fbceb7,24,4,155,3,142,0,894,18,red,14.9,0.3,100,3,0.5,Bracelet,iOS
5b744423aff8776772fa32b9f1fbceb7,24,5,79,1,143,0,894,18,red,14.9,0.3,50,5,0.1,Bracelet,iOS
5b744423aff8776772fa32b9f1fbceb7,24,5,222,2,143,0,894,18,red,14.9,0.3,50,1,1,Ring,iOS
5b744423aff8776772fa32b9f1fbceb7,24,5,242,3,143,1,894,18,red,14.9,0.3,25,1,1,Ring,iOS/Android
5b744423aff8776772fa32b9f1fbceb7,24,6,91,1,144,0,894,18,red,14.9,0.3,50,5,0.1,Bracelet,Android
5b744423aff8776772fa32b9f1fbceb7,24,6,6,2,144,1,894,18,red,14.9,0.3,50,1,0.1,Ring,iOS
5b744423aff8776772fa32b9f1fbceb7,24,6,187,3,144,0,894,18,red,14.9,0.3,50,5,0.5,Bracelet,iOS
9b8420ffe59da6d3f786394da7f0b0ed,25,1,130,1,145,1,308,52,red,5.133333333333334,0.8666666666666667,100,1,0.5,Ring,Android
9b8420ffe59da6d3f786394da7f0b0ed,25,1,97,2,145,0,308,52,red,5.133333333333334,0.8666666666666667,25,5,0.1,Implantable,iOS/Android
9b8420ffe59da6d3f786394da7f0b0ed,25,1,192,3,145,0,308,52,red,5.133333333333334,0.8666666666666667,100,5,0.5,Card,iOS
9b8420ffe59da6d3f786394da7f0b0ed,25,2,240,1,146,0,308,52,red,5.133333333333334,0.8666666666666667,100,1,1,Card,Android
9b8420ffe59da6d3f786394da7f0b0ed,25,2,12,2,146,0,308,52,red,5.133333333333334,0.8666666666666667,100,1,0.1,Card,iOS
9b8420ffe59da6d3f786394da7f0b0ed,25,2,209,3,146,1,308,52,red,5.133333333333334,0.8666666666666667,50,5,0.5,Implantable,iOS/Android
9b8420ffe59da6d3f786394da7f0b0ed,25,3,164,1,147,0,308,52,red,5.133333333333334,0.8666666666666667,50,3,0.5,Card,Android
9b8420ffe59da6d3f786394da7f0b0ed,25,3,24,2,147,0,308,52,red,5.133333333333334,0.8666666666666667,100,1,0.1,Card,Android
9b8420ffe59da6d3f786394da7f0b0ed,25,3,254,3,147,1,308,52,red,5.133333333333334,0.8666666666666667,25,3,1,Ring,iOS
9b8420ffe59da6d3f786394da7f0b0ed,25,4,210,1,148,0,308,52,red,5.133333333333334,0.8666666666666667,50,5,0.5,Ring,iOS/Android
9b8420ffe59da6d3f786394da7f0b0ed,25,4,179,2,148,0,308,52,red,5.133333333333334,0.8666666666666667,100,3,0.5,Bracelet,iOS/Android
9b8420ffe59da6d3f786394da7f0b0ed,25,4,207,3,148,1,308,52,red,5.133333333333334,0.8666666666666667,25,5,0.5,Bracelet,iOS/Android
9b8420ffe59da6d3f786394da7f0b0ed,25,5,319,1,149,1,308,52,red,5.133333333333334,0.8666666666666667,50,5,1,Bracelet,iOS/Android
9b8420ffe59da6d3f786394da7f0b0ed,25,5,323,2,149,0,308,52,red,5.133333333333334,0.8666666666666667,100,5,1,Bracelet,iOS/Android
9b8420ffe59da6d3f786394da7f0b0ed,25,5,193,3,149,0,308,52,red,5.133333333333334,0.8666666666666667,25,5,0.5,Implantable,Android
9b8420ffe59da6d3f786394da7f0b0ed,25,6,78,1,150,0,308,52,red,5.133333333333334,0.8666666666666667,50,5,0.1,Ring,iOS
9b8420ffe59da6d3f786394da7f0b0ed,25,6,314,2,150,1,308,52,red,5.133333333333334,0.8666666666666667,25,5,1,Ring,iOS/Android
9b8420ffe59da6d3f786394da7f0b0ed,25,6,281,3,150,0,308,52,red,5.133333333333334,0.8666666666666667,50,3,1,Implantable,iOS/Android
fd3dea69947a84fc3529a4bcc208290e,26,1,98,1,151,0,200,62,red,3.3333333333333335,1.0333333333333334,25,5,0.1,Ring,iOS/Android
fd3dea69947a84fc3529a4bcc208290e,26,1,234,2,151,1,200,62,red,3.3333333333333335,1.0333333333333334,50,1,1,Ring,Android
fd3dea69947a84fc3529a4bcc208290e,26,1,27,3,151,0,200,62,red,3.3333333333333335,1.0333333333333334,25,1,0.1,Bracelet,iOS/Android
fd3dea69947a84fc3529a4bcc208290e,26,2,256,1,152,0,200,62,red,3.3333333333333335,1.0333333333333334,25,3,1,Card,iOS
fd3dea69947a84fc3529a4bcc208290e,26,2,119,2,152,1,200,62,red,3.3333333333333335,1.0333333333333334,100,1,0.5,Bracelet,iOS
fd3dea69947a84fc3529a4bcc208290e,26,2,15,3,152,0,200,62,red,3.3333333333333335,1.0333333333333334,25,1,0.1,Bracelet,Android
fd3dea69947a84fc3529a4bcc208290e,26,3,165,1,153,0,200,62,red,3.3333333333333335,1.0333333333333334,100,3,0.5,Implantable,Android
fd3dea69947a84fc3529a4bcc208290e,26,3,12,2,153,1,200,62,red,3.3333333333333335,1.0333333333333334,100,1,0.1,Card,iOS
fd3dea69947a84fc3529a4bcc208290e,26,3,111,3,153,0,200,62,red,3.3333333333333335,1.0333333333333334,25,1,0.5,Bracelet,iOS
fd3dea69947a84fc3529a4bcc208290e,26,4,47,1,154,0,200,62,red,3.3333333333333335,1.0333333333333334,100,3,0.1,Bracelet,iOS
fd3dea69947a84fc3529a4bcc208290e,26,4,104,2,154,0,200,62,red,3.3333333333333335,1.0333333333333334,50,5,0.1,Card,iOS/Android
fd3dea69947a84fc3529a4bcc208290e,26,4,182,3,154,1,200,62,red,3.3333333333333335,1.0333333333333334,25,5,0.5,Ring,iOS
fd3dea69947a84fc3529a4bcc208290e,26,5,240,1,155,1,200,62,red,3.3333333333333335,1.0333333333333334,100,1,1,Card,Android
fd3dea69947a84fc3529a4bcc208290e,26,5,120,2,155,0,200,62,red,3.3333333333333335,1.0333333333333334,100,1,0.5,Card,iOS
fd3dea69947a84fc3529a4bcc208290e,26,5,265,3,155,0,200,62,red,3.3333333333333335,1.0333333333333334,25,3,1,Implantable,Android
fd3dea69947a84fc3529a4bcc208290e,26,6,238,1,156,0,200,62,red,3.3333333333333335,1.0333333333333334,100,1,1,Ring,Android
fd3dea69947a84fc3529a4bcc208290e,26,6,267,2,156,1,200,62,red,3.3333333333333335,1.0333333333333334,25,3,1,Bracelet,Android
fd3dea69947a84fc3529a4bcc208290e,26,6,221,3,156,0,200,62,red,3.3333333333333335,1.0333333333333334,50,1,1,Implantable,iOS
3233229e9512eecee3a7f462188c6fe4,27,1,42,1,157,0,167,78,red,2.783333333333333,1.3,50,3,0.1,Ring,iOS
3233229e9512eecee3a7f462188c6fe4,27,1,210,2,157,1,167,78,red,2.783333333333333,1.3,50,5,0.5,Ring,iOS/Android
3233229e9512eecee3a7f462188c6fe4,27,1,60,3,157,0,167,78,red,2.783333333333333,1.3,100,3,0.1,Card,Android
3233229e9512eecee3a7f462188c6fe4,27,2,48,1,158,0,167,78,red,2.783333333333333,1.3,100,3,0.1,Card,iOS
3233229e9512eecee3a7f462188c6fe4,27,2,65,2,158,1,167,78,red,2.783333333333333,1.3,50,3,0.1,Implantable,iOS/Android
3233229e9512eecee3a7f462188c6fe4,27,2,83,3,158,0,167,78,red,2.783333333333333,1.3,100,5,0.1,Bracelet,iOS
3233229e9512eecee3a7f462188c6fe4,27,3,302,1,159,0,167,78,red,2.783333333333333,1.3,25,5,1,Ring,Android
3233229e9512eecee3a7f462188c6fe4,27,3,42,2,159,0,167,78,red,2.783333333333333,1.3,50,3,0.1,Ring,iOS
3233229e9512eecee3a7f462188c6fe4,27,3,110,3,159,1,167,78,red,2.783333333333333,1.3,25,1,0.5,Ring,iOS
3233229e9512eecee3a7f462188c6fe4,27,4,238,1,160,1,167,78,red,2.783333333333333,1.3,100,1,1,Ring,Android
3233229e9512eecee3a7f462188c6fe4,27,4,130,2,160,0,167,78,red,2.783333333333333,1.3,100,1,0.5,Ring,Android
3233229e9512eecee3a7f462188c6fe4,27,4,198,3,160,0,167,78,red,2.783333333333333,1.3,50,5,0.5,Ring,Android
3233229e9512eecee3a7f462188c6fe4,27,5,190,1,161,0,167,78,red,2.783333333333333,1.3,100,5,0.5,Ring,iOS
3233229e9512eecee3a7f462188c6fe4,27,5,132,2,161,1,167,78,red,2.783333333333333,1.3,100,1,0.5,Card,Android
3233229e9512eecee3a7f462188c6fe4,27,5,134,3,161,0,167,78,red,2.783333333333333,1.3,25,1,0.5,Ring,iOS/Android
3233229e9512eecee3a7f462188c6fe4,27,6,278,1,162,0,167,78,red,2.783333333333333,1.3,25,3,1,Ring,iOS/Android
3233229e9512eecee3a7f462188c6fe4,27,6,283,2,162,1,167,78,red,2.783333333333333,1.3,50,3,1,Bracelet,iOS/Android
3233229e9512eecee3a7f462188c6fe4,27,6,34,3,162,0,167,78,red,2.783333333333333,1.3,100,1,0.1,Ring,iOS/Android
22f0888536fe5dfe4726ecb30d65e007,28,1,207,1,163,0,119,36,red,1.9833333333333334,0.6,25,5,0.5,Bracelet,iOS/Android
22f0888536fe5dfe4726ecb30d65e007,28,1,278,2,163,1,119,36,red,1.9833333333333334,0.6,25,3,1,Ring,iOS/Android
22f0888536fe5dfe4726ecb30d65e007,28,1,69,3,163,0,119,36,red,1.9833333333333334,0.6,100,3,0.1,Implantable,iOS/Android
22f0888536fe5dfe4726ecb30d65e007,28,2,86,1,164,0,119,36,red,1.9833333333333334,0.6,25,5,0.1,Ring,Android
22f0888536fe5dfe4726ecb30d65e007,28,2,106,2,164,0,119,36,red,1.9833333333333334,0.6,100,5,0.1,Ring,iOS/Android
22f0888536fe5dfe4726ecb30d65e007,28,2,129,3,164,1,119,36,red,1.9833333333333334,0.6,100,1,0.5,Implantable,Android
22f0888536fe5dfe4726ecb30d65e007,28,3,96,1,165,0,119,36,red,1.9833333333333334,0.6,100,5,0.1,Card,Android
22f0888536fe5dfe4726ecb30d65e007,28,3,18,2,165,0,119,36,red,1.9833333333333334,0.6,50,1,0.1,Ring,Android
22f0888536fe5dfe4726ecb30d65e007,28,3,224,3,165,1,119,36,red,1.9833333333333334,0.6,50,1,1,Card,iOS
22f0888536fe5dfe4726ecb30d65e007,28,4,311,1,166,1,119,36,red,1.9833333333333334,0.6,100,5,1,Bracelet,Android
22f0888536fe5dfe4726ecb30d65e007,28,4,292,2,166,0,119,36,red,1.9833333333333334,0.6,25,5,1,Card,iOS
22f0888536fe5dfe4726ecb30d65e007,28,4,23,3,166,0,119,36,red,1.9833333333333334,0.6,100,1,0.1,Bracelet,Android
22f0888536fe5dfe4726ecb30d65e007,28,5,214,1,167,1,119,36,red,1.9833333333333334,0.6,100,5,0.5,Ring,iOS/Android
22f0888536fe5dfe4726ecb30d65e007,28,5,117,2,167,0,119,36,red,1.9833333333333334,0.6,100,1,0.5,Implantable,iOS
22f0888536fe5dfe4726ecb30d65e007,28,5,30,3,167,0,119,36,red,1.9833333333333334,0.6,50,1,0.1,Ring,iOS/Android
22f0888536fe5dfe4726ecb30d65e007,28,6,289,1,168,1,119,36,red,1.9833333333333334,0.6,25,5,1,Implantable,iOS
22f0888536fe5dfe4726ecb30d65e007,28,6,50,2,168,0,119,36,red,1.9833333333333334,0.6,25,3,0.1,Ring,Android
22f0888536fe5dfe4726ecb30d65e007,28,6,207,3,168,0,119,36,red,1.9833333333333334,0.6,25,5,0.5,Bracelet,iOS/Android
26473fc4d73344f26b28e857a041adc7,29,1,315,1,169,0,218,35,red,3.6333333333333333,0.5833333333333334,25,5,1,Bracelet,iOS/Android
26473fc4d73344f26b28e857a041adc7,29,1,140,2,169,0,218,35,red,3.6333333333333333,0.5833333333333334,50,1,0.5,Card,iOS/Android
26473fc4d73344f26b28e857a041adc7,29,1,124,3,169,1,218,35,red,3.6333333333333333,0.5833333333333334,25,1,0.5,Card,Android
26473fc4d73344f26b28e857a041adc7,29,2,313,1,170,0,218,35,red,3.6333333333333333,0.5833333333333334,25,5,1,Implantable,iOS/Android
26473fc4d73344f26b28e857a041adc7,29,2,315,2,170,0,218,35,red,3.6333333333333333,0.5833333333333334,25,5,1,Bracelet,iOS/Android
26473fc4d73344f26b28e857a041adc7,29,2,111,3,170,1,218,35,red,3.6333333333333333,0.5833333333333334,25,1,0.5,Bracelet,iOS
26473fc4d73344f26b28e857a041adc7,29,3,34,1,171,1,218,35,red,3.6333333333333333,0.5833333333333334,100,1,0.1,Ring,iOS/Android
26473fc4d73344f26b28e857a041adc7,29,3,271,2,171,0,218,35,red,3.6333333333333333,0.5833333333333334,50,3,1,Bracelet,Android
26473fc4d73344f26b28e857a041adc7,29,3,167,3,171,0,218,35,red,3.6333333333333333,0.5833333333333334,100,3,0.5,Bracelet,Android
26473fc4d73344f26b28e857a041adc7,29,4,194,1,172,0,218,35,red,3.6333333333333333,0.5833333333333334,25,5,0.5,Ring,Android
26473fc4d73344f26b28e857a041adc7,29,4,254,2,172,0,218,35,red,3.6333333333333333,0.5833333333333334,25,3,1,Ring,iOS
26473fc4d73344f26b28e857a041adc7,29,4,144,3,172,1,218,35,red,3.6333333333333333,0.5833333333333334,100,1,0.5,Card,iOS/Android
26473fc4d73344f26b28e857a041adc7,29,5,129,1,173,0,218,35,red,3.6333333333333333,0.5833333333333334,100,1,0.5,Implantable,Android
26473fc4d73344f26b28e857a041adc7,29,5,225,2,173,0,218,35,red,3.6333333333333333,0.5833333333333334,100,1,1,Implantable,iOS
26473fc4d73344f26b28e857a041adc7,29,5,134,3,173,1,218,35,red,3.6333333333333333,0.5833333333333334,25,1,0.5,Ring,iOS/Android
26473fc4d73344f26b28e857a041adc7,29,6,299,1,174,0,218,35,red,3.6333333333333333,0.5833333333333334,100,5,1,Bracelet,iOS
26473fc4d73344f26b28e857a041adc7,29,6,191,2,174,0,218,35,red,3.6333333333333333,0.5833333333333334,100,5,0.5,Bracelet,iOS
26473fc4d73344f26b28e857a041adc7,29,6,82,3,174,1,218,35,red,3.6333333333333333,0.5833333333333334,100,5,0.1,Ring,iOS
2d4be64663760f9c6669a8639b7f0a81,30,1,205,1,175,0,8789,129,red,146.48333333333332,2.15,25,5,0.5,Implantable,iOS/Android
2d4be64663760f9c6669a8639b7f0a81,30,1,178,2,175,0,8789,129,red,146.48333333333332,2.15,100,3,0.5,Ring,iOS/Android
2d4be64663760f9c6669a8639b7f0a81,30,1,124,3,175,1,8789,129,red,146.48333333333332,2.15,25,1,0.5,Card,Android
2d4be64663760f9c6669a8639b7f0a81,30,2,277,1,176,1,8789,129,red,146.48333333333332,2.15,25,3,1,Implantable,iOS/Android
2d4be64663760f9c6669a8639b7f0a81,30,2,102,2,176,0,8789,129,red,146.48333333333332,2.15,50,5,0.1,Ring,iOS/Android
2d4be64663760f9c6669a8639b7f0a81,30,2,57,3,176,0,8789,129,red,146.48333333333332,2.15,100,3,0.1,Implantable,Android
2d4be64663760f9c6669a8639b7f0a81,30,3,314,1,177,0,8789,129,red,146.48333333333332,2.15,25,5,1,Ring,iOS/Android
2d4be64663760f9c6669a8639b7f0a81,30,3,33,2,177,0,8789,129,red,146.48333333333332,2.15,100,1,0.1,Implantable,iOS/Android
2d4be64663760f9c6669a8639b7f0a81,30,3,285,3,177,1,8789,129,red,146.48333333333332,2.15,100,3,1,Implantable,iOS/Android
2d4be64663760f9c6669a8639b7f0a81,30,4,222,1,178,0,8789,129,red,146.48333333333332,2.15,50,1,1,Ring,iOS
2d4be64663760f9c6669a8639b7f0a81,30,4,201,2,178,1,8789,129,red,146.48333333333332,2.15,100,5,0.5,Implantable,Android
2d4be64663760f9c6669a8639b7f0a81,30,4,24,3,178,0,8789,129,red,146.48333333333332,2.15,100,1,0.1,Card,Android
2d4be64663760f9c6669a8639b7f0a81,30,5,47,1,179,1,8789,129,red,146.48333333333332,2.15,100,3,0.1,Bracelet,iOS
2d4be64663760f9c6669a8639b7f0a81,30,5,161,2,179,0,8789,129,red,146.48333333333332,2.15,50,3,0.5,Implantable,Android
2d4be64663760f9c6669a8639b7f0a81,30,5,302,3,179,0,8789,129,red,146.48333333333332,2.15,25,5,1,Ring,Android
2d4be64663760f9c6669a8639b7f0a81,30,6,57,1,180,0,8789,129,red,146.48333333333332,2.15,100,3,0.1,Implantable,Android
2d4be64663760f9c6669a8639b7f0a81,30,6,296,2,180,1,8789,129,red,146.48333333333332,2.15,50,5,1,Card,iOS
2d4be64663760f9c6669a8639b7f0a81,30,6,234,3,180,0,8789,129,red,146.48333333333332,2.15,50,1,1,Ring,Android
