session_id,respID,qID,profileID,altID,obsID,choice,time_total,time_cbc_total,time_min_total,time_min_cbc,price,capacity,range,type,compatability
11e0f30a0a378ccdc56be378ae6db7b5,1,1,127,1,1,0,200,74,3.3333333333333335,1.2333333333333334,50,1,0.5,Bracelet,Android
11e0f30a0a378ccdc56be378ae6db7b5,1,1,146,2,1,1,200,74,3.3333333333333335,1.2333333333333334,25,3,0.5,Ring,iOS
11e0f30a0a378ccdc56be378ae6db7b5,1,1,269,3,1,0,200,74,3.3333333333333335,1.2333333333333334,50,3,1,Implantable,Android
11e0f30a0a378ccdc56be378ae6db7b5,1,2,215,1,2,0,200,74,3.3333333333333335,1.2333333333333334,100,5,0.5,Bracelet,iOS/Android
11e0f30a0a378ccdc56be378ae6db7b5,1,2,204,2,2,0,200,74,3.3333333333333335,1.2333333333333334,100,5,0.5,Card,Android
11e0f30a0a378ccdc56be378ae6db7b5,1,2,310,3,2,1,200,74,3.3333333333333335,1.2333333333333334,100,5,1,Ring,Android
11e0f30a0a378ccdc56be378ae6db7b5,1,3,49,1,3,0,200,74,3.3333333333333335,1.2333333333333334,25,3,0.1,Implantable,Android
11e0f30a0a378ccdc56be378ae6db7b5,1,3,125,2,3,1,200,74,3.3333333333333335,1.2333333333333334,50,1,0.5,Implantable,Android
11e0f30a0a378ccdc56be378ae6db7b5,1,3,98,3,3,0,200,74,3.3333333333333335,1.2333333333333334,25,5,0.1,Ring,iOS/Android
11e0f30a0a378ccdc56be378ae6db7b5,1,4,176,1,4,1,200,74,3.3333333333333335,1.2333333333333334,50,3,0.5,Card,iOS/Android
11e0f30a0a378ccdc56be378ae6db7b5,1,4,276,2,4,0,200,74,3.3333333333333335,1.2333333333333334,100,3,1,Card,Android
11e0f30a0a378ccdc56be378ae6db7b5,1,4,91,3,4,0,200,74,3.3333333333333335,1.2333333333333334,50,5,0.1,Bracelet,Android
11e0f30a0a378ccdc56be378ae6db7b5,1,5,85,1,5,0,200,74,3.3333333333333335,1.2333333333333334,25,5,0.1,Implantable,Android
11e0f30a0a378ccdc56be378ae6db7b5,1,5,239,2,5,1,200,74,3.3333333333333335,1.2333333333333334,100,1,1,Bracelet,Android
11e0f30a0a378ccdc56be378ae6db7b5,1,5,70,3,5,0,200,74,3.3333333333333335,1.2333333333333334,100,3,0.1,Ring,iOS/Android
11e0f30a0a378ccdc56be378ae6db7b5,1,6,68,1,6,0,200,74,3.3333333333333335,1.2333333333333334,50,3,0.1,Card,iOS/Android
11e0f30a0a378ccdc56be378ae6db7b5,1,6,105,2,6,0,200,74,3.3333333333333335,1.2333333333333334,100,5,0.1,Implantable,iOS/Android
11e0f30a0a378ccdc56be378ae6db7b5,1,6,8,3,6,1,200,74,3.3333333333333335,1.2333333333333334,50,1,0.1,Card,iOS
8582a58d43adb8fc0f33f4f8664e93d3,2,1,280,1,7,0,280,51,4.666666666666667,0.85,25,3,1,Card,iOS/Android
8582a58d43adb8fc0f33f4f8664e93d3,2,1,73,2,7,0,280,51,4.666666666666667,0.85,25,5,0.1,Implantable,iOS
8582a58d43adb8fc0f33f4f8664e93d3,2,1,181,3,7,1,280,51,4.666666666666667,0.85,25,5,0.5,Implantable,iOS
8582a58d43adb8fc0f33f4f8664e93d3,2,2,129,1,8,0,280,51,4.666666666666667,0.85,100,1,0.5,Implantable,Android
8582a58d43adb8fc0f33f4f8664e93d3,2,2,207,2,8,1,280,51,4.666666666666667,0.85,25,5,0.5,Bracelet,iOS/Android
8582a58d43adb8fc0f33f4f8664e93d3,2,2,177,3,8,0,280,51,4.666666666666667,0.85,100,3,0.5,Implantable,iOS/Android
8582a58d43adb8fc0f33f4f8664e93d3,2,3,15,1,9,0,280,51,4.666666666666667,0.85,25,1,0.1,Bracelet,Android
8582a58d43adb8fc0f33f4f8664e93d3,2,3,309,2,9,0,280,51,4.666666666666667,0.85,100,5,1,Implantable,Android
8582a58d43adb8fc0f33f4f8664e93d3,2,3,315,3,9,1,280,51,4.666666666666667,0.85,25,5,1,Bracelet,iOS/Android
8582a58d43adb8fc0f33f4f8664e93d3,2,4,234,1,10,1,280,51,4.666666666666667,0.85,50,1,1,Ring,Android
8582a58d43adb8fc0f33f4f8664e93d3,2,4,263,2,10,0,280,51,4.666666666666667,0.85,100,3,1,Bracelet,iOS
8582a58d43adb8fc0f33f4f8664e93d3,2,4,196,3,10,0,280,51,4.666666666666667,0.85,25,5,0.5,Card,Android
8582a58d43adb8fc0f33f4f8664e93d3,2,5,142,1,11,0,280,51,4.666666666666667,0.85,100,1,0.5,Ring,iOS/Android
8582a58d43adb8fc0f33f4f8664e93d3,2,5,126,2,11,0,280,51,4.666666666666667,0.85,50,1,0.5,Ring,Android
8582a58d43adb8fc0f33f4f8664e93d3,2,5,294,3,11,1,280,51,4.666666666666667,0.85,50,5,1,Ring,iOS
8582a58d43adb8fc0f33f4f8664e93d3,2,6,214,1,12,1,280,51,4.666666666666667,0.85,100,5,0.5,Ring,iOS/Android
8582a58d43adb8fc0f33f4f8664e93d3,2,6,200,2,12,0,280,51,4.666666666666667,0.85,50,5,0.5,Card,Android
8582a58d43adb8fc0f33f4f8664e93d3,2,6,131,3,12,0,280,51,4.666666666666667,0.85,100,1,0.5,Bracelet,Android
a42e1762940ffe45d4bcf6eba6cb490b,3,1,156,1,13,1,105,35,1.75,0.5833333333333334,100,3,0.5,Card,iOS
a42e1762940ffe45d4bcf6eba6cb490b,3,1,128,2,13,0,105,35,1.75,0.5833333333333334,50,1,0.5,Card,Android
a42e1762940ffe45d4bcf6eba6cb490b,3,1,284,3,13,0,105,35,1.75,0.5833333333333334,50,3,1,Card,iOS/Android
a42e1762940ffe45d4bcf6eba6cb490b,3,2,262,1,14,0,105,35,1.75,0.5833333333333334,100,3,1,Ring,iOS
a42e1762940ffe45d4bcf6eba6cb490b,3,2,154,2,14,0,105,35,1.75,0.5833333333333334,100,3,0.5,Ring,iOS
a42e1762940ffe45d4bcf6eba6cb490b,3,2,244,3,14,1,105,35,1.75,0.5833333333333334,25,1,1,Card,iOS/Android
a42e1762940ffe45d4bcf6eba6cb490b,3,3,199,1,15,0,105,35,1.75,0.5833333333333334,50,5,0.5,Bracelet,Android
a42e1762940ffe45d4bcf6eba6cb490b,3,3,231,2,15,1,105,35,1.75,0.5833333333333334,25,1,1,Bracelet,Android
a42e1762940ffe45d4bcf6eba6cb490b,3,3,295,3,15,0,105,35,1.75,0.5833333333333334,50,5,1,Bracelet,iOS
a42e1762940ffe45d4bcf6eba6cb490b,3,4,235,1,16,0,105,35,1.75,0.5833333333333334,50,1,1,Bracelet,Android
a42e1762940ffe45d4bcf6eba6cb490b,3,4,122,2,16,1,105,35,1.75,0.5833333333333334,25,1,0.5,Ring,Android
a42e1762940ffe45d4bcf6eba6cb490b,3,4,268,3,16,0,105,35,1.75,0.5833333333333334,25,3,1,Card,Android
a42e1762940ffe45d4bcf6eba6cb490b,3,5,318,1,17,1,105,35,1.75,0.5833333333333334,50,5,1,Ring,iOS/Android
a42e1762940ffe45d4bcf6eba6cb490b,3,5,275,2,17,0,105,35,1.75,0.5833333333333334,100,3,1,Bracelet,Android
a42e1762940ffe45d4bcf6eba6cb490b,3,5,180,3,17,0,105,35,1.75,0.5833333333333334,100,3,0.5,Card,iOS/Android
a42e1762940ffe45d4bcf6eba6cb490b,3,6,310,1,18,0,105,35,1.75,0.5833333333333334,100,5,1,Ring,Android
a42e1762940ffe45d4bcf6eba6cb490b,3,6,75,2,18,1,105,35,1.75,0.5833333333333334,25,5,0.1,Bracelet,iOS
a42e1762940ffe45d4bcf6eba6cb490b,3,6,200,3,18,0,105,35,1.75,0.5833333333333334,50,5,0.5,Card,Android
08c563b6322202581cad57a1c10b651d,4,1,234,1,19,1,161,58,2.683333333333333,0.9666666666666667,50,1,1,Ring,Android
08c563b6322202581cad57a1c10b651d,4,1,18,2,19,0,161,58,2.683333333333333,0.9666666666666667,50,1,0.1,Ring,Android
08c563b6322202581cad57a1c10b651d,4,1,152,3,19,0,161,58,2.683333333333333,0.9666666666666667,50,3,0.5,Card,iOS
08c563b6322202581cad57a1c10b651d,4,2,220,1,20,0,161,58,2.683333333333333,0.9666666666666667,25,1,1,Card,iOS
08c563b6322202581cad57a1c10b651d,4,2,122,2,20,1,161,58,2.683333333333333,0.9666666666666667,25,1,0.5,Ring,Android
08c563b6322202581cad57a1c10b651d,4,2,193,3,20,0,161,58,2.683333333333333,0.9666666666666667,25,5,0.5,Implantable,Android
08c563b6322202581cad57a1c10b651d,4,3,23,1,21,1,161,58,2.683333333333333,0.9666666666666667,100,1,0.1,Bracelet,Android
08c563b6322202581cad57a1c10b651d,4,3,248,2,21,0,161,58,2.683333333333333,0.9666666666666667,50,1,1,Card,iOS/Android
08c563b6322202581cad57a1c10b651d,4,3,209,3,21,0,161,58,2.683333333333333,0.9666666666666667,50,5,0.5,Implantable,iOS/Android
08c563b6322202581cad57a1c10b651d,4,4,240,1,22,1,161,58,2.683333333333333,0.9666666666666667,100,1,1,Card,Android
08c563b6322202581cad57a1c10b651d,4,4,190,2,22,0,161,58,2.683333333333333,0.9666666666666667,100,5,0.5,Ring,iOS
08c563b6322202581cad57a1c10b651d,4,4,137,3,22,0,161,58,2.683333333333333,0.9666666666666667,50,1,0.5,Implantable,iOS/Android
08c563b6322202581cad57a1c10b651d,4,5,295,1,23,0,161,58,2.683333333333333,0.9666666666666667,50,5,1,Bracelet,iOS
08c563b6322202581cad57a1c10b651d,4,5,2,2,23,1,161,58,2.683333333333333,0.9666666666666667,25,1,0.1,Ring,iOS
08c563b6322202581cad57a1c10b651d,4,5,281,3,23,0,161,58,2.683333333333333,0.9666666666666667,50,3,1,Implantable,iOS/Android
08c563b6322202581cad57a1c10b651d,4,6,173,1,24,0,161,58,2.683333333333333,0.9666666666666667,50,3,0.5,Implantable,iOS/Android
08c563b6322202581cad57a1c10b651d,4,6,231,2,24,1,161,58,2.683333333333333,0.9666666666666667,25,1,1,Bracelet,Android
08c563b6322202581cad57a1c10b651d,4,6,21,3,24,0,161,58,2.683333333333333,0.9666666666666667,100,1,0.1,Implantable,Android
d106ca67279b4eb5e0421224a4b28c3d,5,1,265,1,25,0,368,60,6.133333333333334,1,25,3,1,Implantable,Android
d106ca67279b4eb5e0421224a4b28c3d,5,1,8,2,25,1,368,60,6.133333333333334,1,50,1,0.1,Card,iOS
d106ca67279b4eb5e0421224a4b28c3d,5,1,234,3,25,0,368,60,6.133333333333334,1,50,1,1,Ring,Android
d106ca67279b4eb5e0421224a4b28c3d,5,2,317,1,26,0,368,60,6.133333333333334,1,50,5,1,Implantable,iOS/Android
d106ca67279b4eb5e0421224a4b28c3d,5,2,55,2,26,0,368,60,6.133333333333334,1,50,3,0.1,Bracelet,Android
d106ca67279b4eb5e0421224a4b28c3d,5,2,7,3,26,1,368,60,6.133333333333334,1,50,1,0.1,Bracelet,iOS
d106ca67279b4eb5e0421224a4b28c3d,5,3,83,1,27,0,368,60,6.133333333333334,1,100,5,0.1,Bracelet,iOS
d106ca67279b4eb5e0421224a4b28c3d,5,3,162,2,27,1,368,60,6.133333333333334,1,50,3,0.5,Ring,Android
d106ca67279b4eb5e0421224a4b28c3d,5,3,6,3,27,0,368,60,6.133333333333334,1,50,1,0.1,Ring,iOS
d106ca67279b4eb5e0421224a4b28c3d,5,4,247,1,28,0,368,60,6.133333333333334,1,50,1,1,Bracelet,iOS/Android
d106ca67279b4eb5e0421224a4b28c3d,5,4,13,2,28,1,368,60,6.133333333333334,1,25,1,0.1,Implantable,Android
d106ca67279b4eb5e0421224a4b28c3d,5,4,155,3,28,0,368,60,6.133333333333334,1,100,3,0.5,Bracelet,iOS
d106ca67279b4eb5e0421224a4b28c3d,5,5,242,1,29,0,368,60,6.133333333333334,1,25,1,1,Ring,iOS/Android
d106ca67279b4eb5e0421224a4b28c3d,5,5,41,2,29,0,368,60,6.133333333333334,1,50,3,0.1,Implantable,iOS
d106ca67279b4eb5e0421224a4b28c3d,5,5,14,3,29,1,368,60,6.133333333333334,1,25,1,0.1,Ring,Android
d106ca67279b4eb5e0421224a4b28c3d,5,6,197,1,30,0,368,60,6.133333333333334,1,50,5,0.5,Implantable,Android
d106ca67279b4eb5e0421224a4b28c3d,5,6,2,2,30,0,368,60,6.133333333333334,1,25,1,0.1,Ring,iOS
d106ca67279b4eb5e0421224a4b28c3d,5,6,164,3,30,1,368,60,6.133333333333334,1,50,3,0.5,Card,Android
1e763bd638792f2807540267cc8eb0ba,6,1,19,1,31,1,210,56,3.5,0.9333333333333333,50,1,0.1,Bracelet,Android
1e763bd638792f2807540267cc8eb0ba,6,1,144,2,31,0,210,56,3.5,0.9333333333333333,100,1,0.5,Card,iOS/Android
1e763bd638792f2807540267cc8eb0ba,6,1,317,3,31,0,210,56,3.5,0.9333333333333333,50,5,1,Implantable,iOS/Android
1e763bd638792f2807540267cc8eb0ba,6,2,284,1,32,0,210,56,3.5,0.9333333333333333,50,3,1,Card,iOS/Android
1e763bd638792f2807540267cc8eb0ba,6,2,93,2,32,0,210,56,3.5,0.9333333333333333,100,5,0.1,Implantable,Android
1e763bd638792f2807540267cc8eb0ba,6,2,168,3,32,1,210,56,3.5,0.9333333333333333,100,3,0.5,Card,Android
1e763bd638792f2807540267cc8eb0ba,6,3,97,1,33,0,210,56,3.5,0.9333333333333333,25,5,0.1,Implantable,iOS/Android
1e763bd638792f2807540267cc8eb0ba,6,3,223,2,33,1,210,56,3.5,0.9333333333333333,50,1,1,Bracelet,iOS
1e763bd638792f2807540267cc8eb0ba,6,3,46,3,33,0,210,56,3.5,0.9333333333333333,100,3,0.1,Ring,iOS
1e763bd638792f2807540267cc8eb0ba,6,4,158,1,34,0,210,56,3.5,0.9333333333333333,25,3,0.5,Ring,Android
1e763bd638792f2807540267cc8eb0ba,6,4,248,2,34,1,210,56,3.5,0.9333333333333333,50,1,1,Card,iOS/Android
1e763bd638792f2807540267cc8eb0ba,6,4,85,3,34,0,210,56,3.5,0.9333333333333333,25,5,0.1,Implantable,Android
1e763bd638792f2807540267cc8eb0ba,6,5,157,1,35,0,210,56,3.5,0.9333333333333333,25,3,0.5,Implantable,Android
1e763bd638792f2807540267cc8eb0ba,6,5,244,2,35,0,210,56,3.5,0.9333333333333333,25,1,1,Card,iOS/Android
1e763bd638792f2807540267cc8eb0ba,6,5,190,3,35,1,210,56,3.5,0.9333333333333333,100,5,0.5,Ring,iOS
1e763bd638792f2807540267cc8eb0ba,6,6,131,1,36,0,210,56,3.5,0.9333333333333333,100,1,0.5,Bracelet,Android
1e763bd638792f2807540267cc8eb0ba,6,6,112,2,36,1,210,56,3.5,0.9333333333333333,25,1,0.5,Card,iOS
1e763bd638792f2807540267cc8eb0ba,6,6,324,3,36,0,210,56,3.5,0.9333333333333333,100,5,1,Card,iOS/Android
5b07d4198e926ea138f488848e28280b,7,1,105,1,37,1,369,184,6.15,3.066666666666667,100,5,0.1,Implantable,iOS/Android
5b07d4198e926ea138f488848e28280b,7,1,32,2,37,0,369,184,6.15,3.066666666666667,50,1,0.1,Card,iOS/Android
5b07d4198e926ea138f488848e28280b,7,1,117,3,37,0,369,184,6.15,3.066666666666667,100,1,0.5,Implantable,iOS
5b07d4198e926ea138f488848e28280b,7,2,107,1,38,1,369,184,6.15,3.066666666666667,100,5,0.1,Bracelet,iOS/Android
5b07d4198e926ea138f488848e28280b,7,2,35,2,38,0,369,184,6.15,3.066666666666667,100,1,0.1,Bracelet,iOS/Android
5b07d4198e926ea138f488848e28280b,7,2,23,3,38,0,369,184,6.15,3.066666666666667,100,1,0.1,Bracelet,Android
5b07d4198e926ea138f488848e28280b,7,3,163,1,39,0,369,184,6.15,3.066666666666667,50,3,0.5,Bracelet,Android
5b07d4198e926ea138f488848e28280b,7,3,102,2,39,0,369,184,6.15,3.066666666666667,50,5,0.1,Ring,iOS/Android
5b07d4198e926ea138f488848e28280b,7,3,89,3,39,1,369,184,6.15,3.066666666666667,50,5,0.1,Implantable,Android
5b07d4198e926ea138f488848e28280b,7,4,158,1,40,1,369,184,6.15,3.066666666666667,25,3,0.5,Ring,Android
5b07d4198e926ea138f488848e28280b,7,4,160,2,40,0,369,184,6.15,3.066666666666667,25,3,0.5,Card,Android
5b07d4198e926ea138f488848e28280b,7,4,172,3,40,0,369,184,6.15,3.066666666666667,25,3,0.5,Card,iOS/Android
5b07d4198e926ea138f488848e28280b,7,5,28,1,41,0,369,184,6.15,3.066666666666667,25,1,0.1,Card,iOS/Android
5b07d4198e926ea138f488848e28280b,7,5,312,2,41,1,369,184,6.15,3.066666666666667,100,5,1,Card,Android
5b07d4198e926ea138f488848e28280b,7,5,194,3,41,0,369,184,6.15,3.066666666666667,25,5,0.5,Ring,Android
5b07d4198e926ea138f488848e28280b,7,6,25,1,42,1,369,184,6.15,3.066666666666667,25,1,0.1,Implantable,iOS/Android
5b07d4198e926ea138f488848e28280b,7,6,27,2,42,0,369,184,6.15,3.066666666666667,25,1,0.1,Bracelet,iOS/Android
5b07d4198e926ea138f488848e28280b,7,6,212,3,42,0,369,184,6.15,3.066666666666667,50,5,0.5,Card,iOS/Android
1cd54e903778d0aef9dab6aaff9e0ec6,8,1,278,1,43,0,276,62,4.6,1.0333333333333334,25,3,1,Ring,iOS/Android
1cd54e903778d0aef9dab6aaff9e0ec6,8,1,184,2,43,0,276,62,4.6,1.0333333333333334,25,5,0.5,Card,iOS
1cd54e903778d0aef9dab6aaff9e0ec6,8,1,8,3,43,1,276,62,4.6,1.0333333333333334,50,1,0.1,Card,iOS
1cd54e903778d0aef9dab6aaff9e0ec6,8,2,105,1,44,1,276,62,4.6,1.0333333333333334,100,5,0.1,Implantable,iOS/Android
1cd54e903778d0aef9dab6aaff9e0ec6,8,2,271,2,44,0,276,62,4.6,1.0333333333333334,50,3,1,Bracelet,Android
1cd54e903778d0aef9dab6aaff9e0ec6,8,2,312,3,44,0,276,62,4.6,1.0333333333333334,100,5,1,Card,Android
1cd54e903778d0aef9dab6aaff9e0ec6,8,3,224,1,45,0,276,62,4.6,1.0333333333333334,50,1,1,Card,iOS
1cd54e903778d0aef9dab6aaff9e0ec6,8,3,10,2,45,0,276,62,4.6,1.0333333333333334,100,1,0.1,Ring,iOS
1cd54e903778d0aef9dab6aaff9e0ec6,8,3,116,3,45,1,276,62,4.6,1.0333333333333334,50,1,0.5,Card,iOS
1cd54e903778d0aef9dab6aaff9e0ec6,8,4,107,1,46,0,276,62,4.6,1.0333333333333334,100,5,0.1,Bracelet,iOS/Android
1cd54e903778d0aef9dab6aaff9e0ec6,8,4,79,2,46,1,276,62,4.6,1.0333333333333334,50,5,0.1,Bracelet,iOS
1cd54e903778d0aef9dab6aaff9e0ec6,8,4,130,3,46,0,276,62,4.6,1.0333333333333334,100,1,0.5,Ring,Android
1cd54e903778d0aef9dab6aaff9e0ec6,8,5,281,1,47,0,276,62,4.6,1.0333333333333334,50,3,1,Implantable,iOS/Android
1cd54e903778d0aef9dab6aaff9e0ec6,8,5,270,2,47,1,276,62,4.6,1.0333333333333334,50,3,1,Ring,Android
1cd54e903778d0aef9dab6aaff9e0ec6,8,5,271,3,47,0,276,62,4.6,1.0333333333333334,50,3,1,Bracelet,Android
1cd54e903778d0aef9dab6aaff9e0ec6,8,6,9,1,48,0,276,62,4.6,1.0333333333333334,100,1,0.1,Implantable,iOS
1cd54e903778d0aef9dab6aaff9e0ec6,8,6,187,2,48,0,276,62,4.6,1.0333333333333334,50,5,0.5,Bracelet,iOS
1cd54e903778d0aef9dab6aaff9e0ec6,8,6,119,3,48,1,276,62,4.6,1.0333333333333334,100,1,0.5,Bracelet,iOS
d99e4f839bd090b5428262a56636fba6,9,1,53,1,49,0,91,28,1.5166666666666666,0.4666666666666667,50,3,0.1,Implantable,Android
d99e4f839bd090b5428262a56636fba6,9,1,13,2,49,1,91,28,1.5166666666666666,0.4666666666666667,25,1,0.1,Implantable,Android
d99e4f839bd090b5428262a56636fba6,9,1,196,3,49,0,91,28,1.5166666666666666,0.4666666666666667,25,5,0.5,Card,Android
d99e4f839bd090b5428262a56636fba6,9,2,44,1,50,0,91,28,1.5166666666666666,0.4666666666666667,50,3,0.1,Card,iOS
d99e4f839bd090b5428262a56636fba6,9,2,249,2,50,1,91,28,1.5166666666666666,0.4666666666666667,100,1,1,Implantable,iOS/Android
d99e4f839bd090b5428262a56636fba6,9,2,49,3,50,0,91,28,1.5166666666666666,0.4666666666666667,25,3,0.1,Implantable,Android
d99e4f839bd090b5428262a56636fba6,9,3,31,1,51,0,91,28,1.5166666666666666,0.4666666666666667,50,1,0.1,Bracelet,iOS/Android
d99e4f839bd090b5428262a56636fba6,9,3,249,2,51,0,91,28,1.5166666666666666,0.4666666666666667,100,1,1,Implantable,iOS/Android
d99e4f839bd090b5428262a56636fba6,9,3,276,3,51,1,91,28,1.5166666666666666,0.4666666666666667,100,3,1,Card,Android
d99e4f839bd090b5428262a56636fba6,9,4,120,1,52,0,91,28,1.5166666666666666,0.4666666666666667,100,1,0.5,Card,iOS
d99e4f839bd090b5428262a56636fba6,9,4,161,2,52,0,91,28,1.5166666666666666,0.4666666666666667,50,3,0.5,Implantable,Android
d99e4f839bd090b5428262a56636fba6,9,4,260,3,52,1,91,28,1.5166666666666666,0.4666666666666667,50,3,1,Card,iOS
d99e4f839bd090b5428262a56636fba6,9,5,77,1,53,0,91,28,1.5166666666666666,0.4666666666666667,50,5,0.1,Implantable,iOS
d99e4f839bd090b5428262a56636fba6,9,5,227,2,53,1,91,28,1.5166666666666666,0.4666666666666667,100,1,1,Bracelet,iOS
d99e4f839bd090b5428262a56636fba6,9,5,306,3,53,0,91,28,1.5166666666666666,0.4666666666666667,50,5,1,Ring,Android
d99e4f839bd090b5428262a56636fba6,9,6,211,1,54,0,91,28,1.5166666666666666,0.4666666666666667,50,5,0.5,Bracelet,iOS/Android
d99e4f839bd090b5428262a56636fba6,9,6,72,2,54,1,91,28,1.5166666666666666,0.4666666666666667,100,3,0.1,Card,iOS/Android
d99e4f839bd090b5428262a56636fba6,9,6,180,3,54,0,91,28,1.5166666666666666,0.4666666666666667,100,3,0.5,Card,iOS/Android
ad6a3115ee61c59c033fa17d5c70b475,10,1,95,1,55,0,168,59,2.8,0.9833333333333333,100,5,0.1,Bracelet,Android
ad6a3115ee61c59c033fa17d5c70b475,10,1,216,2,55,1,168,59,2.8,0.9833333333333333,100,5,0.5,Card,iOS/Android
ad6a3115ee61c59c033fa17d5c70b475,10,1,312,3,55,0,168,59,2.8,0.9833333333333333,100,5,1,Card,Android
ad6a3115ee61c59c033fa17d5c70b475,10,2,186,1,56,0,168,59,2.8,0.9833333333333333,50,5,0.5,Ring,iOS
ad6a3115ee61c59c033fa17d5c70b475,10,2,232,2,56,1,168,59,2.8,0.9833333333333333,25,1,1,Card,Android
ad6a3115ee61c59c033fa17d5c70b475,10,2,116,3,56,0,168,59,2.8,0.9833333333333333,50,1,0.5,Card,iOS
ad6a3115ee61c59c033fa17d5c70b475,10,3,248,1,57,0,168,59,2.8,0.9833333333333333,50,1,1,Card,iOS/Android
ad6a3115ee61c59c033fa17d5c70b475,10,3,40,2,57,0,168,59,2.8,0.9833333333333333,25,3,0.1,Card,iOS
ad6a3115ee61c59c033fa17d5c70b475,10,3,262,3,57,1,168,59,2.8,0.9833333333333333,100,3,1,Ring,iOS
ad6a3115ee61c59c033fa17d5c70b475,10,4,43,1,58,0,168,59,2.8,0.9833333333333333,50,3,0.1,Bracelet,iOS
ad6a3115ee61c59c033fa17d5c70b475,10,4,312,2,58,1,168,59,2.8,0.9833333333333333,100,5,1,Card,Android
ad6a3115ee61c59c033fa17d5c70b475,10,4,188,3,58,0,168,59,2.8,0.9833333333333333,50,5,0.5,Card,iOS
ad6a3115ee61c59c033fa17d5c70b475,10,5,143,1,59,0,168,59,2.8,0.9833333333333333,100,1,0.5,Bracelet,iOS/Android
ad6a3115ee61c59c033fa17d5c70b475,10,5,182,2,59,0,168,59,2.8,0.9833333333333333,25,5,0.5,Ring,iOS
ad6a3115ee61c59c033fa17d5c70b475,10,5,232,3,59,1,168,59,2.8,0.9833333333333333,25,1,1,Card,Android
ad6a3115ee61c59c033fa17d5c70b475,10,6,126,1,60,0,168,59,2.8,0.9833333333333333,50,1,0.5,Ring,Android
ad6a3115ee61c59c033fa17d5c70b475,10,6,179,2,60,1,168,59,2.8,0.9833333333333333,100,3,0.5,Bracelet,iOS/Android
ad6a3115ee61c59c033fa17d5c70b475,10,6,140,3,60,0,168,59,2.8,0.9833333333333333,50,1,0.5,Card,iOS/Android
b1b74d8cd9c0f814190f1b4e5c391b69,11,1,116,1,61,0,164,46,2.7333333333333334,0.7666666666666667,50,1,0.5,Card,iOS
b1b74d8cd9c0f814190f1b4e5c391b69,11,1,94,2,61,0,164,46,2.7333333333333334,0.7666666666666667,100,5,0.1,Ring,Android
b1b74d8cd9c0f814190f1b4e5c391b69,11,1,297,3,61,1,164,46,2.7333333333333334,0.7666666666666667,100,5,1,Implantable,iOS
b1b74d8cd9c0f814190f1b4e5c391b69,11,2,2,1,62,0,164,46,2.7333333333333334,0.7666666666666667,25,1,0.1,Ring,iOS
b1b74d8cd9c0f814190f1b4e5c391b69,11,2,287,2,62,0,164,46,2.7333333333333334,0.7666666666666667,100,3,1,Bracelet,iOS/Android
b1b74d8cd9c0f814190f1b4e5c391b69,11,2,219,3,62,1,164,46,2.7333333333333334,0.7666666666666667,25,1,1,Bracelet,iOS
b1b74d8cd9c0f814190f1b4e5c391b69,11,3,239,1,63,1,164,46,2.7333333333333334,0.7666666666666667,100,1,1,Bracelet,Android
b1b74d8cd9c0f814190f1b4e5c391b69,11,3,313,2,63,0,164,46,2.7333333333333334,0.7666666666666667,25,5,1,Implantable,iOS/Android
b1b74d8cd9c0f814190f1b4e5c391b69,11,3,154,3,63,0,164,46,2.7333333333333334,0.7666666666666667,100,3,0.5,Ring,iOS
b1b74d8cd9c0f814190f1b4e5c391b69,11,4,34,1,64,0,164,46,2.7333333333333334,0.7666666666666667,100,1,0.1,Ring,iOS/Android
b1b74d8cd9c0f814190f1b4e5c391b69,11,4,21,2,64,1,164,46,2.7333333333333334,0.7666666666666667,100,1,0.1,Implantable,Android
b1b74d8cd9c0f814190f1b4e5c391b69,11,4,287,3,64,0,164,46,2.7333333333333334,0.7666666666666667,100,3,1,Bracelet,iOS/Android
b1b74d8cd9c0f814190f1b4e5c391b69,11,5,269,1,65,0,164,46,2.7333333333333334,0.7666666666666667,50,3,1,Implantable,Android
b1b74d8cd9c0f814190f1b4e5c391b69,11,5,67,2,65,0,164,46,2.7333333333333334,0.7666666666666667,50,3,0.1,Bracelet,iOS/Android
b1b74d8cd9c0f814190f1b4e5c391b69,11,5,284,3,65,1,164,46,2.7333333333333334,0.7666666666666667,50,3,1,Card,iOS/Android
b1b74d8cd9c0f814190f1b4e5c391b69,11,6,260,1,66,1,164,46,2.7333333333333334,0.7666666666666667,50,3,1,Card,iOS
b1b74d8cd9c0f814190f1b4e5c391b69,11,6,12,2,66,0,164,46,2.7333333333333334,0.7666666666666667,100,1,0.1,Card,iOS
b1b74d8cd9c0f814190f1b4e5c391b69,11,6,121,3,66,0,164,46,2.7333333333333334,0.7666666666666667,25,1,0.5,Implantable,Android
930bfd3c6b2a4af404199649f656bc02,12,1,82,1,67,1,1182,147,19.7,2.45,100,5,0.1,Ring,iOS
930bfd3c6b2a4af404199649f656bc02,12,1,272,2,67,0,1182,147,19.7,2.45,50,3,1,Card,Android
930bfd3c6b2a4af404199649f656bc02,12,1,62,3,67,0,1182,147,19.7,2.45,25,3,0.1,Ring,iOS/Android
930bfd3c6b2a4af404199649f656bc02,12,2,47,1,68,0,1182,147,19.7,2.45,100,3,0.1,Bracelet,iOS
930bfd3c6b2a4af404199649f656bc02,12,2,55,2,68,1,1182,147,19.7,2.45,50,3,0.1,Bracelet,Android
930bfd3c6b2a4af404199649f656bc02,12,2,156,3,68,0,1182,147,19.7,2.45,100,3,0.5,Card,iOS
930bfd3c6b2a4af404199649f656bc02,12,3,234,1,69,0,1182,147,19.7,2.45,50,1,1,Ring,Android
930bfd3c6b2a4af404199649f656bc02,12,3,320,2,69,0,1182,147,19.7,2.45,50,5,1,Card,iOS/Android
930bfd3c6b2a4af404199649f656bc02,12,3,64,3,69,1,1182,147,19.7,2.45,25,3,0.1,Card,iOS/Android
930bfd3c6b2a4af404199649f656bc02,12,4,274,1,70,0,1182,147,19.7,2.45,100,3,1,Ring,Android
930bfd3c6b2a4af404199649f656bc02,12,4,273,2,70,0,1182,147,19.7,2.45,100,3,1,Implantable,Android
930bfd3c6b2a4af404199649f656bc02,12,4,237,3,70,1,1182,147,19.7,2.45,100,1,1,Implantable,Android
930bfd3c6b2a4af404199649f656bc02,12,5,73,1,71,0,1182,147,19.7,2.45,25,5,0.1,Implantable,iOS
930bfd3c6b2a4af404199649f656bc02,12,5,31,2,71,0,1182,147,19.7,2.45,50,1,0.1,Bracelet,iOS/Android
930bfd3c6b2a4af404199649f656bc02,12,5,22,3,71,1,1182,147,19.7,2.45,100,1,0.1,Ring,Android
930bfd3c6b2a4af404199649f656bc02,12,6,222,1,72,1,1182,147,19.7,2.45,50,1,1,Ring,iOS
930bfd3c6b2a4af404199649f656bc02,12,6,16,2,72,0,1182,147,19.7,2.45,25,1,0.1,Card,Android
930bfd3c6b2a4af404199649f656bc02,12,6,110,3,72,0,1182,147,19.7,2.45,25,1,0.5,Ring,iOS
a1da17f813f966df2d943eacbface78a,13,1,263,1,73,1,243,95,4.05,1.5833333333333333,100,3,1,Bracelet,iOS
a1da17f813f966df2d943eacbface78a,13,1,173,2,73,0,243,95,4.05,1.5833333333333333,50,3,0.5,Implantable,iOS/Android
a1da17f813f966df2d943eacbface78a,13,1,53,3,73,0,243,95,4.05,1.5833333333333333,50,3,0.1,Implantable,Android
a1da17f813f966df2d943eacbface78a,13,2,257,1,74,0,243,95,4.05,1.5833333333333333,50,3,1,Implantable,iOS
a1da17f813f966df2d943eacbface78a,13,2,132,2,74,0,243,95,4.05,1.5833333333333333,100,1,0.5,Card,Android
a1da17f813f966df2d943eacbface78a,13,2,163,3,74,1,243,95,4.05,1.5833333333333333,50,3,0.5,Bracelet,Android
a1da17f813f966df2d943eacbface78a,13,3,258,1,75,0,243,95,4.05,1.5833333333333333,50,3,1,Ring,iOS
a1da17f813f966df2d943eacbface78a,13,3,244,2,75,0,243,95,4.05,1.5833333333333333,25,1,1,Card,iOS/Android
a1da17f813f966df2d943eacbface78a,13,3,39,3,75,1,243,95,4.05,1.5833333333333333,25,3,0.1,Bracelet,iOS
a1da17f813f966df2d943eacbface78a,13,4,204,1,76,0,243,95,4.05,1.5833333333333333,100,5,0.5,Card,Android
a1da17f813f966df2d943eacbface78a,13,4,41,2,76,1,243,95,4.05,1.5833333333333333,50,3,0.1,Implantable,iOS
a1da17f813f966df2d943eacbface78a,13,4,278,3,76,0,243,95,4.05,1.5833333333333333,25,3,1,Ring,iOS/Android
a1da17f813f966df2d943eacbface78a,13,5,76,1,77,0,243,95,4.05,1.5833333333333333,25,5,0.1,Card,iOS
a1da17f813f966df2d943eacbface78a,13,5,217,2,77,0,243,95,4.05,1.5833333333333333,25,1,1,Implantable,iOS
a1da17f813f966df2d943eacbface78a,13,5,150,3,77,1,243,95,4.05,1.5833333333333333,50,3,0.5,Ring,iOS
a1da17f813f966df2d943eacbface78a,13,6,181,1,78,0,243,95,4.05,1.5833333333333333,25,5,0.5,Implantable,iOS
a1da17f813f966df2d943eacbface78a,13,6,28,2,78,0,243,95,4.05,1.5833333333333333,25,1,0.1,Card,iOS/Android
a1da17f813f966df2d943eacbface78a,13,6,292,3,78,1,243,95,4.05,1.5833333333333333,25,5,1,Card,iOS
9bf1d498dd00c5fecf4a4d2c0273f8cb,14,1,33,1,79,0,166,54,2.7666666666666666,0.9,100,1,0.1,Implantable,iOS/Android
9bf1d498dd00c5fecf4a4d2c0273f8cb,14,1,272,2,79,1,166,54,2.7666666666666666,0.9,50,3,1,Card,Android
9bf1d498dd00c5fecf4a4d2c0273f8cb,14,1,245,3,79,0,166,54,2.7666666666666666,0.9,50,1,1,Implantable,iOS/Android
9bf1d498dd00c5fecf4a4d2c0273f8cb,14,2,27,1,80,0,166,54,2.7666666666666666,0.9,25,1,0.1,Bracelet,iOS/Android
9bf1d498dd00c5fecf4a4d2c0273f8cb,14,2,273,2,80,0,166,54,2.7666666666666666,0.9,100,3,1,Implantable,Android
9bf1d498dd00c5fecf4a4d2c0273f8cb,14,2,309,3,80,1,166,54,2.7666666666666666,0.9,100,5,1,Implantable,Android
9bf1d498dd00c5fecf4a4d2c0273f8cb,14,3,234,1,81,0,166,54,2.7666666666666666,0.9,50,1,1,Ring,Android
9bf1d498dd00c5fecf4a4d2c0273f8cb,14,3,118,2,81,0,166,54,2.7666666666666666,0.9,100,1,0.5,Ring,iOS
9bf1d498dd00c5fecf4a4d2c0273f8cb,14,3,155,3,81,1,166,54,2.7666666666666666,0.9,100,3,0.5,Bracelet,iOS
9bf1d498dd00c5fecf4a4d2c0273f8cb,14,4,22,1,82,0,166,54,2.7666666666666666,0.9,100,1,0.1,Ring,Android
9bf1d498dd00c5fecf4a4d2c0273f8cb,14,4,245,2,82,1,166,54,2.7666666666666666,0.9,50,1,1,Implantable,iOS/Android
9bf1d498dd00c5fecf4a4d2c0273f8cb,14,4,86,3,82,0,166,54,2.7666666666666666,0.9,25,5,0.1,Ring,Android
9bf1d498dd00c5fecf4a4d2c0273f8cb,14,5,272,1,83,1,166,54,2.7666666666666666,0.9,50,3,1,Card,Android
9bf1d498dd00c5fecf4a4d2c0273f8cb,14,5,79,2,83,0,166,54,2.7666666666666666,0.9,50,5,0.1,Bracelet,iOS
9bf1d498dd00c5fecf4a4d2c0273f8cb,14,5,224,3,83,0,166,54,2.7666666666666666,0.9,50,1,1,Card,iOS
9bf1d498dd00c5fecf4a4d2c0273f8cb,14,6,318,1,84,1,166,54,2.7666666666666666,0.9,50,5,1,Ring,iOS/Android
9bf1d498dd00c5fecf4a4d2c0273f8cb,14,6,168,2,84,0,166,54,2.7666666666666666,0.9,100,3,0.5,Card,Android
9bf1d498dd00c5fecf4a4d2c0273f8cb,14,6,176,3,84,0,166,54,2.7666666666666666,0.9,50,3,0.5,Card,iOS/Android
983a617b486b5ed5480aa346d3ff16e9,15,1,194,1,85,0,214,36,3.566666666666667,0.6,25,5,0.5,Ring,Android
983a617b486b5ed5480aa346d3ff16e9,15,1,160,2,85,0,214,36,3.566666666666667,0.6,25,3,0.5,Card,Android
983a617b486b5ed5480aa346d3ff16e9,15,1,228,3,85,1,214,36,3.566666666666667,0.6,100,1,1,Card,iOS
983a617b486b5ed5480aa346d3ff16e9,15,2,71,1,86,0,214,36,3.566666666666667,0.6,100,3,0.1,Bracelet,iOS/Android
983a617b486b5ed5480aa346d3ff16e9,15,2,295,2,86,0,214,36,3.566666666666667,0.6,50,5,1,Bracelet,iOS
983a617b486b5ed5480aa346d3ff16e9,15,2,265,3,86,1,214,36,3.566666666666667,0.6,25,3,1,Implantable,Android
983a617b486b5ed5480aa346d3ff16e9,15,3,220,1,87,0,214,36,3.566666666666667,0.6,25,1,1,Card,iOS
983a617b486b5ed5480aa346d3ff16e9,15,3,246,2,87,1,214,36,3.566666666666667,0.6,50,1,1,Ring,iOS/Android
983a617b486b5ed5480aa346d3ff16e9,15,3,55,3,87,0,214,36,3.566666666666667,0.6,50,3,0.1,Bracelet,Android
983a617b486b5ed5480aa346d3ff16e9,15,4,15,1,88,0,214,36,3.566666666666667,0.6,25,1,0.1,Bracelet,Android
983a617b486b5ed5480aa346d3ff16e9,15,4,159,2,88,0,214,36,3.566666666666667,0.6,25,3,0.5,Bracelet,Android
983a617b486b5ed5480aa346d3ff16e9,15,4,44,3,88,1,214,36,3.566666666666667,0.6,50,3,0.1,Card,iOS
983a617b486b5ed5480aa346d3ff16e9,15,5,44,1,89,0,214,36,3.566666666666667,0.6,50,3,0.1,Card,iOS
983a617b486b5ed5480aa346d3ff16e9,15,5,145,2,89,0,214,36,3.566666666666667,0.6,25,3,0.5,Implantable,iOS
983a617b486b5ed5480aa346d3ff16e9,15,5,229,3,89,1,214,36,3.566666666666667,0.6,25,1,1,Implantable,Android
983a617b486b5ed5480aa346d3ff16e9,15,6,144,1,90,1,214,36,3.566666666666667,0.6,100,1,0.5,Card,iOS/Android
983a617b486b5ed5480aa346d3ff16e9,15,6,208,2,90,0,214,36,3.566666666666667,0.6,25,5,0.5,Card,iOS/Android
983a617b486b5ed5480aa346d3ff16e9,15,6,112,3,90,0,214,36,3.566666666666667,0.6,25,1,0.5,Card,iOS
72c81f1e94c2779aa772ebce97e9c8a8,16,1,73,1,91,0,157,61,2.6166666666666667,1.0166666666666666,25,5,0.1,Implantable,iOS
72c81f1e94c2779aa772ebce97e9c8a8,16,1,235,2,91,1,157,61,2.6166666666666667,1.0166666666666666,50,1,1,Bracelet,Android
72c81f1e94c2779aa772ebce97e9c8a8,16,1,129,3,91,0,157,61,2.6166666666666667,1.0166666666666666,100,1,0.5,Implantable,Android
72c81f1e94c2779aa772ebce97e9c8a8,16,2,26,1,92,0,157,61,2.6166666666666667,1.0166666666666666,25,1,0.1,Ring,iOS/Android
72c81f1e94c2779aa772ebce97e9c8a8,16,2,95,2,92,1,157,61,2.6166666666666667,1.0166666666666666,100,5,0.1,Bracelet,Android
72c81f1e94c2779aa772ebce97e9c8a8,16,2,74,3,92,0,157,61,2.6166666666666667,1.0166666666666666,25,5,0.1,Ring,iOS
72c81f1e94c2779aa772ebce97e9c8a8,16,3,191,1,93,0,157,61,2.6166666666666667,1.0166666666666666,100,5,0.5,Bracelet,iOS
72c81f1e94c2779aa772ebce97e9c8a8,16,3,108,2,93,0,157,61,2.6166666666666667,1.0166666666666666,100,5,0.1,Card,iOS/Android
72c81f1e94c2779aa772ebce97e9c8a8,16,3,40,3,93,1,157,61,2.6166666666666667,1.0166666666666666,25,3,0.1,Card,iOS
72c81f1e94c2779aa772ebce97e9c8a8,16,4,11,1,94,1,157,61,2.6166666666666667,1.0166666666666666,100,1,0.1,Bracelet,iOS
72c81f1e94c2779aa772ebce97e9c8a8,16,4,192,2,94,0,157,61,2.6166666666666667,1.0166666666666666,100,5,0.5,Card,iOS
72c81f1e94c2779aa772ebce97e9c8a8,16,4,270,3,94,0,157,61,2.6166666666666667,1.0166666666666666,50,3,1,Ring,Android
72c81f1e94c2779aa772ebce97e9c8a8,16,5,49,1,95,1,157,61,2.6166666666666667,1.0166666666666666,25,3,0.1,Implantable,Android
72c81f1e94c2779aa772ebce97e9c8a8,16,5,101,2,95,0,157,61,2.6166666666666667,1.0166666666666666,50,5,0.1,Implantable,iOS/Android
72c81f1e94c2779aa772ebce97e9c8a8,16,5,112,3,95,0,157,61,2.6166666666666667,1.0166666666666666,25,1,0.5,Card,iOS
72c81f1e94c2779aa772ebce97e9c8a8,16,6,21,1,96,1,157,61,2.6166666666666667,1.0166666666666666,100,1,0.1,Implantable,Android
72c81f1e94c2779aa772ebce97e9c8a8,16,6,122,2,96,0,157,61,2.6166666666666667,1.0166666666666666,25,1,0.5,Ring,Android
72c81f1e94c2779aa772ebce97e9c8a8,16,6,213,3,96,0,157,61,2.6166666666666667,1.0166666666666666,100,5,0.5,Implantable,iOS/Android
ac02864221974efe89083e23fba67690,17,1,247,1,97,1,147,36,2.45,0.6,50,1,1,Bracelet,iOS/Android
ac02864221974efe89083e23fba67690,17,1,215,2,97,0,147,36,2.45,0.6,100,5,0.5,Bracelet,iOS/Android
ac02864221974efe89083e23fba67690,17,1,310,3,97,0,147,36,2.45,0.6,100,5,1,Ring,Android
ac02864221974efe89083e23fba67690,17,2,239,1,98,0,147,36,2.45,0.6,100,1,1,Bracelet,Android
ac02864221974efe89083e23fba67690,17,2,184,2,98,0,147,36,2.45,0.6,25,5,0.5,Card,iOS
ac02864221974efe89083e23fba67690,17,2,50,3,98,1,147,36,2.45,0.6,25,3,0.1,Ring,Android
ac02864221974efe89083e23fba67690,17,3,220,1,99,0,147,36,2.45,0.6,25,1,1,Card,iOS
ac02864221974efe89083e23fba67690,17,3,159,2,99,1,147,36,2.45,0.6,25,3,0.5,Bracelet,Android
ac02864221974efe89083e23fba67690,17,3,20,3,99,0,147,36,2.45,0.6,50,1,0.1,Card,Android
ac02864221974efe89083e23fba67690,17,4,12,1,100,0,147,36,2.45,0.6,100,1,0.1,Card,iOS
ac02864221974efe89083e23fba67690,17,4,278,2,100,1,147,36,2.45,0.6,25,3,1,Ring,iOS/Android
ac02864221974efe89083e23fba67690,17,4,104,3,100,0,147,36,2.45,0.6,50,5,0.1,Card,iOS/Android
ac02864221974efe89083e23fba67690,17,5,248,1,101,0,147,36,2.45,0.6,50,1,1,Card,iOS/Android
ac02864221974efe89083e23fba67690,17,5,262,2,101,0,147,36,2.45,0.6,100,3,1,Ring,iOS
ac02864221974efe89083e23fba67690,17,5,291,3,101,1,147,36,2.45,0.6,25,5,1,Bracelet,iOS
ac02864221974efe89083e23fba67690,17,6,62,1,102,0,147,36,2.45,0.6,25,3,0.1,Ring,iOS/Android
ac02864221974efe89083e23fba67690,17,6,87,2,102,1,147,36,2.45,0.6,25,5,0.1,Bracelet,Android
ac02864221974efe89083e23fba67690,17,6,292,3,102,0,147,36,2.45,0.6,25,5,1,Card,iOS
bf9742dd26c3e66fda879e001d791e0f,18,1,267,1,103,0,302,67,5.033333333333333,1.1166666666666667,25,3,1,Bracelet,Android
bf9742dd26c3e66fda879e001d791e0f,18,1,265,2,103,1,302,67,5.033333333333333,1.1166666666666667,25,3,1,Implantable,Android
bf9742dd26c3e66fda879e001d791e0f,18,1,169,3,103,0,302,67,5.033333333333333,1.1166666666666667,25,3,0.5,Implantable,iOS/Android
bf9742dd26c3e66fda879e001d791e0f,18,2,252,1,104,1,302,67,5.033333333333333,1.1166666666666667,100,1,1,Card,iOS/Android
bf9742dd26c3e66fda879e001d791e0f,18,2,203,2,104,0,302,67,5.033333333333333,1.1166666666666667,100,5,0.5,Bracelet,Android
bf9742dd26c3e66fda879e001d791e0f,18,2,296,3,104,0,302,67,5.033333333333333,1.1166666666666667,50,5,1,Card,iOS
bf9742dd26c3e66fda879e001d791e0f,18,3,79,1,105,1,302,67,5.033333333333333,1.1166666666666667,50,5,0.1,Bracelet,iOS
bf9742dd26c3e66fda879e001d791e0f,18,3,91,2,105,0,302,67,5.033333333333333,1.1166666666666667,50,5,0.1,Bracelet,Android
bf9742dd26c3e66fda879e001d791e0f,18,3,306,3,105,0,302,67,5.033333333333333,1.1166666666666667,50,5,1,Ring,Android
bf9742dd26c3e66fda879e001d791e0f,18,4,9,1,106,1,302,67,5.033333333333333,1.1166666666666667,100,1,0.1,Implantable,iOS
bf9742dd26c3e66fda879e001d791e0f,18,4,31,2,106,0,302,67,5.033333333333333,1.1166666666666667,50,1,0.1,Bracelet,iOS/Android
bf9742dd26c3e66fda879e001d791e0f,18,4,24,3,106,0,302,67,5.033333333333333,1.1166666666666667,100,1,0.1,Card,Android
bf9742dd26c3e66fda879e001d791e0f,18,5,207,1,107,1,302,67,5.033333333333333,1.1166666666666667,25,5,0.5,Bracelet,iOS/Android
bf9742dd26c3e66fda879e001d791e0f,18,5,83,2,107,0,302,67,5.033333333333333,1.1166666666666667,100,5,0.1,Bracelet,iOS
bf9742dd26c3e66fda879e001d791e0f,18,5,299,3,107,0,302,67,5.033333333333333,1.1166666666666667,100,5,1,Bracelet,iOS
bf9742dd26c3e66fda879e001d791e0f,18,6,161,1,108,0,302,67,5.033333333333333,1.1166666666666667,50,3,0.5,Implantable,Android
bf9742dd26c3e66fda879e001d791e0f,18,6,112,2,108,0,302,67,5.033333333333333,1.1166666666666667,25,1,0.5,Card,iOS
bf9742dd26c3e66fda879e001d791e0f,18,6,126,3,108,1,302,67,5.033333333333333,1.1166666666666667,50,1,0.5,Ring,Android
7df2f7eeccf5822cfc8ac56e017d18a8,19,1,222,1,109,0,442,71,7.366666666666666,1.1833333333333333,50,1,1,Ring,iOS
7df2f7eeccf5822cfc8ac56e017d18a8,19,1,15,2,109,0,442,71,7.366666666666666,1.1833333333333333,25,1,0.1,Bracelet,Android
7df2f7eeccf5822cfc8ac56e017d18a8,19,1,310,3,109,1,442,71,7.366666666666666,1.1833333333333333,100,5,1,Ring,Android
7df2f7eeccf5822cfc8ac56e017d18a8,19,2,209,1,110,0,442,71,7.366666666666666,1.1833333333333333,50,5,0.5,Implantable,iOS/Android
7df2f7eeccf5822cfc8ac56e017d18a8,19,2,15,2,110,0,442,71,7.366666666666666,1.1833333333333333,25,1,0.1,Bracelet,Android
7df2f7eeccf5822cfc8ac56e017d18a8,19,2,48,3,110,1,442,71,7.366666666666666,1.1833333333333333,100,3,0.1,Card,iOS
7df2f7eeccf5822cfc8ac56e017d18a8,19,3,91,1,111,0,442,71,7.366666666666666,1.1833333333333333,50,5,0.1,Bracelet,Android
7df2f7eeccf5822cfc8ac56e017d18a8,19,3,312,2,111,1,442,71,7.366666666666666,1.1833333333333333,100,5,1,Card,Android
7df2f7eeccf5822cfc8ac56e017d18a8,19,3,104,3,111,0,442,71,7.366666666666666,1.1833333333333333,50,5,0.1,Card,iOS/Android
7df2f7eeccf5822cfc8ac56e017d18a8,19,4,32,1,112,0,442,71,7.366666666666666,1.1833333333333333,50,1,0.1,Card,iOS/Android
7df2f7eeccf5822cfc8ac56e017d18a8,19,4,323,2,112,1,442,71,7.366666666666666,1.1833333333333333,100,5,1,Bracelet,iOS/Android
7df2f7eeccf5822cfc8ac56e017d18a8,19,4,50,3,112,0,442,71,7.366666666666666,1.1833333333333333,25,3,0.1,Ring,Android
7df2f7eeccf5822cfc8ac56e017d18a8,19,5,82,1,113,0,442,71,7.366666666666666,1.1833333333333333,100,5,0.1,Ring,iOS
7df2f7eeccf5822cfc8ac56e017d18a8,19,5,91,2,113,1,442,71,7.366666666666666,1.1833333333333333,50,5,0.1,Bracelet,Android
7df2f7eeccf5822cfc8ac56e017d18a8,19,5,171,3,113,0,442,71,7.366666666666666,1.1833333333333333,25,3,0.5,Bracelet,iOS/Android
7df2f7eeccf5822cfc8ac56e017d18a8,19,6,5,1,114,0,442,71,7.366666666666666,1.1833333333333333,50,1,0.1,Implantable,iOS
7df2f7eeccf5822cfc8ac56e017d18a8,19,6,36,2,114,1,442,71,7.366666666666666,1.1833333333333333,100,1,0.1,Card,iOS/Android
7df2f7eeccf5822cfc8ac56e017d18a8,19,6,30,3,114,0,442,71,7.366666666666666,1.1833333333333333,50,1,0.1,Ring,iOS/Android
58856f677799bd537951404f99233efd,20,1,35,1,115,0,175,39,2.9166666666666665,0.65,100,1,0.1,Bracelet,iOS/Android
58856f677799bd537951404f99233efd,20,1,257,2,115,0,175,39,2.9166666666666665,0.65,50,3,1,Implantable,iOS
58856f677799bd537951404f99233efd,20,1,131,3,115,1,175,39,2.9166666666666665,0.65,100,1,0.5,Bracelet,Android
58856f677799bd537951404f99233efd,20,2,25,1,116,0,175,39,2.9166666666666665,0.65,25,1,0.1,Implantable,iOS/Android
58856f677799bd537951404f99233efd,20,2,278,2,116,1,175,39,2.9166666666666665,0.65,25,3,1,Ring,iOS/Android
58856f677799bd537951404f99233efd,20,2,97,3,116,0,175,39,2.9166666666666665,0.65,25,5,0.1,Implantable,iOS/Android
58856f677799bd537951404f99233efd,20,3,299,1,117,0,175,39,2.9166666666666665,0.65,100,5,1,Bracelet,iOS
58856f677799bd537951404f99233efd,20,3,123,2,117,1,175,39,2.9166666666666665,0.65,25,1,0.5,Bracelet,Android
58856f677799bd537951404f99233efd,20,3,80,3,117,0,175,39,2.9166666666666665,0.65,50,5,0.1,Card,iOS
58856f677799bd537951404f99233efd,20,4,192,1,118,1,175,39,2.9166666666666665,0.65,100,5,0.5,Card,iOS
58856f677799bd537951404f99233efd,20,4,262,2,118,0,175,39,2.9166666666666665,0.65,100,3,1,Ring,iOS
58856f677799bd537951404f99233efd,20,4,147,3,118,0,175,39,2.9166666666666665,0.65,25,3,0.5,Bracelet,iOS
58856f677799bd537951404f99233efd,20,5,107,1,119,1,175,39,2.9166666666666665,0.65,100,5,0.1,Bracelet,iOS/Android
58856f677799bd537951404f99233efd,20,5,9,2,119,0,175,39,2.9166666666666665,0.65,100,1,0.1,Implantable,iOS
58856f677799bd537951404f99233efd,20,5,85,3,119,0,175,39,2.9166666666666665,0.65,25,5,0.1,Implantable,Android
58856f677799bd537951404f99233efd,20,6,233,1,120,1,175,39,2.9166666666666665,0.65,50,1,1,Implantable,Android
58856f677799bd537951404f99233efd,20,6,98,2,120,0,175,39,2.9166666666666665,0.65,25,5,0.1,Ring,iOS/Android
58856f677799bd537951404f99233efd,20,6,187,3,120,0,175,39,2.9166666666666665,0.65,50,5,0.5,Bracelet,iOS
c0a6a6e0fc0954b1757b902ddd46abaf,21,1,309,1,121,0,173,53,2.8833333333333333,0.8833333333333333,100,5,1,Implantable,Android
c0a6a6e0fc0954b1757b902ddd46abaf,21,1,260,2,121,1,173,53,2.8833333333333333,0.8833333333333333,50,3,1,Card,iOS
c0a6a6e0fc0954b1757b902ddd46abaf,21,1,2,3,121,0,173,53,2.8833333333333333,0.8833333333333333,25,1,0.1,Ring,iOS
c0a6a6e0fc0954b1757b902ddd46abaf,21,2,49,1,122,0,173,53,2.8833333333333333,0.8833333333333333,25,3,0.1,Implantable,Android
c0a6a6e0fc0954b1757b902ddd46abaf,21,2,74,2,122,0,173,53,2.8833333333333333,0.8833333333333333,25,5,0.1,Ring,iOS
c0a6a6e0fc0954b1757b902ddd46abaf,21,2,125,3,122,1,173,53,2.8833333333333333,0.8833333333333333,50,1,0.5,Implantable,Android
c0a6a6e0fc0954b1757b902ddd46abaf,21,3,172,1,123,1,173,53,2.8833333333333333,0.8833333333333333,25,3,0.5,Card,iOS/Android
c0a6a6e0fc0954b1757b902ddd46abaf,21,3,136,2,123,0,173,53,2.8833333333333333,0.8833333333333333,25,1,0.5,Card,iOS/Android
c0a6a6e0fc0954b1757b902ddd46abaf,21,3,184,3,123,0,173,53,2.8833333333333333,0.8833333333333333,25,5,0.5,Card,iOS
c0a6a6e0fc0954b1757b902ddd46abaf,21,4,115,1,124,0,173,53,2.8833333333333333,0.8833333333333333,50,1,0.5,Bracelet,iOS
c0a6a6e0fc0954b1757b902ddd46abaf,21,4,95,2,124,0,173,53,2.8833333333333333,0.8833333333333333,100,5,0.1,Bracelet,Android
c0a6a6e0fc0954b1757b902ddd46abaf,21,4,224,3,124,1,173,53,2.8833333333333333,0.8833333333333333,50,1,1,Card,iOS
c0a6a6e0fc0954b1757b902ddd46abaf,21,5,90,1,125,0,173,53,2.8833333333333333,0.8833333333333333,50,5,0.1,Ring,Android
c0a6a6e0fc0954b1757b902ddd46abaf,21,5,69,2,125,1,173,53,2.8833333333333333,0.8833333333333333,100,3,0.1,Implantable,iOS/Android
c0a6a6e0fc0954b1757b902ddd46abaf,21,5,303,3,125,0,173,53,2.8833333333333333,0.8833333333333333,25,5,1,Bracelet,Android
c0a6a6e0fc0954b1757b902ddd46abaf,21,6,23,1,126,0,173,53,2.8833333333333333,0.8833333333333333,100,1,0.1,Bracelet,Android
c0a6a6e0fc0954b1757b902ddd46abaf,21,6,292,2,126,1,173,53,2.8833333333333333,0.8833333333333333,25,5,1,Card,iOS
c0a6a6e0fc0954b1757b902ddd46abaf,21,6,221,3,126,0,173,53,2.8833333333333333,0.8833333333333333,50,1,1,Implantable,iOS
6bd7135a0f24fcad316345f3e218223c,22,1,129,1,127,0,150,60,2.5,1,100,1,0.5,Implantable,Android
6bd7135a0f24fcad316345f3e218223c,22,1,20,2,127,0,150,60,2.5,1,50,1,0.1,Card,Android
6bd7135a0f24fcad316345f3e218223c,22,1,5,3,127,1,150,60,2.5,1,50,1,0.1,Implantable,iOS
6bd7135a0f24fcad316345f3e218223c,22,2,133,1,128,0,150,60,2.5,1,25,1,0.5,Implantable,iOS/Android
6bd7135a0f24fcad316345f3e218223c,22,2,30,2,128,0,150,60,2.5,1,50,1,0.1,Ring,iOS/Android
6bd7135a0f24fcad316345f3e218223c,22,2,218,3,128,1,150,60,2.5,1,25,1,1,Ring,iOS
6bd7135a0f24fcad316345f3e218223c,22,3,304,1,129,1,150,60,2.5,1,25,5,1,Card,Android
6bd7135a0f24fcad316345f3e218223c,22,3,158,2,129,0,150,60,2.5,1,25,3,0.5,Ring,Android
6bd7135a0f24fcad316345f3e218223c,22,3,87,3,129,0,150,60,2.5,1,25,5,0.1,Bracelet,Android
6bd7135a0f24fcad316345f3e218223c,22,4,56,1,130,0,150,60,2.5,1,50,3,0.1,Card,Android
6bd7135a0f24fcad316345f3e218223c,22,4,64,2,130,0,150,60,2.5,1,25,3,0.1,Card,iOS/Android
6bd7135a0f24fcad316345f3e218223c,22,4,311,3,130,1,150,60,2.5,1,100,5,1,Bracelet,Android
6bd7135a0f24fcad316345f3e218223c,22,5,126,1,131,0,150,60,2.5,1,50,1,0.5,Ring,Android
6bd7135a0f24fcad316345f3e218223c,22,5,63,2,131,1,150,60,2.5,1,25,3,0.1,Bracelet,iOS/Android
6bd7135a0f24fcad316345f3e218223c,22,5,102,3,131,0,150,60,2.5,1,50,5,0.1,Ring,iOS/Android
6bd7135a0f24fcad316345f3e218223c,22,6,300,1,132,0,150,60,2.5,1,100,5,1,Card,iOS
6bd7135a0f24fcad316345f3e218223c,22,6,125,2,132,0,150,60,2.5,1,50,1,0.5,Implantable,Android
6bd7135a0f24fcad316345f3e218223c,22,6,21,3,132,1,150,60,2.5,1,100,1,0.1,Implantable,Android
5b5ac8ce363fdeb5988f54ce9cf87c5f,23,1,187,1,133,0,138,35,2.3,0.5833333333333334,50,5,0.5,Bracelet,iOS
5b5ac8ce363fdeb5988f54ce9cf87c5f,23,1,303,2,133,0,138,35,2.3,0.5833333333333334,25,5,1,Bracelet,Android
5b5ac8ce363fdeb5988f54ce9cf87c5f,23,1,58,3,133,1,138,35,2.3,0.5833333333333334,100,3,0.1,Ring,Android
5b5ac8ce363fdeb5988f54ce9cf87c5f,23,2,294,1,134,0,138,35,2.3,0.5833333333333334,50,5,1,Ring,iOS
5b5ac8ce363fdeb5988f54ce9cf87c5f,23,2,122,2,134,1,138,35,2.3,0.5833333333333334,25,1,0.5,Ring,Android
5b5ac8ce363fdeb5988f54ce9cf87c5f,23,2,227,3,134,0,138,35,2.3,0.5833333333333334,100,1,1,Bracelet,iOS
5b5ac8ce363fdeb5988f54ce9cf87c5f,23,3,242,1,135,1,138,35,2.3,0.5833333333333334,25,1,1,Ring,iOS/Android
5b5ac8ce363fdeb5988f54ce9cf87c5f,23,3,200,2,135,0,138,35,2.3,0.5833333333333334,50,5,0.5,Card,Android
5b5ac8ce363fdeb5988f54ce9cf87c5f,23,3,96,3,135,0,138,35,2.3,0.5833333333333334,100,5,0.1,Card,Android
5b5ac8ce363fdeb5988f54ce9cf87c5f,23,4,188,1,136,1,138,35,2.3,0.5833333333333334,50,5,0.5,Card,iOS
5b5ac8ce363fdeb5988f54ce9cf87c5f,23,4,133,2,136,0,138,35,2.3,0.5833333333333334,25,1,0.5,Implantable,iOS/Android
5b5ac8ce363fdeb5988f54ce9cf87c5f,23,4,146,3,136,0,138,35,2.3,0.5833333333333334,25,3,0.5,Ring,iOS
5b5ac8ce363fdeb5988f54ce9cf87c5f,23,5,286,1,137,1,138,35,2.3,0.5833333333333334,100,3,1,Ring,iOS/Android
5b5ac8ce363fdeb5988f54ce9cf87c5f,23,5,84,2,137,0,138,35,2.3,0.5833333333333334,100,5,0.1,Card,iOS
5b5ac8ce363fdeb5988f54ce9cf87c5f,23,5,313,3,137,0,138,35,2.3,0.5833333333333334,25,5,1,Implantable,iOS/Android
5b5ac8ce363fdeb5988f54ce9cf87c5f,23,6,9,1,138,0,138,35,2.3,0.5833333333333334,100,1,0.1,Implantable,iOS
5b5ac8ce363fdeb5988f54ce9cf87c5f,23,6,188,2,138,0,138,35,2.3,0.5833333333333334,50,5,0.5,Card,iOS
5b5ac8ce363fdeb5988f54ce9cf87c5f,23,6,148,3,138,1,138,35,2.3,0.5833333333333334,25,3,0.5,Card,iOS
c15862bae7b9b5b5b78f362f0aea3ead,24,1,218,1,139,1,107,15,1.7833333333333334,0.25,25,1,1,Ring,iOS
c15862bae7b9b5b5b78f362f0aea3ead,24,1,198,2,139,0,107,15,1.7833333333333334,0.25,50,5,0.5,Ring,Android
c15862bae7b9b5b5b78f362f0aea3ead,24,1,316,3,139,0,107,15,1.7833333333333334,0.25,25,5,1,Card,iOS/Android
c15862bae7b9b5b5b78f362f0aea3ead,24,2,100,1,140,0,107,15,1.7833333333333334,0.25,25,5,0.1,Card,iOS/Android
c15862bae7b9b5b5b78f362f0aea3ead,24,2,127,2,140,0,107,15,1.7833333333333334,0.25,50,1,0.5,Bracelet,Android
c15862bae7b9b5b5b78f362f0aea3ead,24,2,238,3,140,1,107,15,1.7833333333333334,0.25,100,1,1,Ring,Android
c15862bae7b9b5b5b78f362f0aea3ead,24,3,30,1,141,0,107,15,1.7833333333333334,0.25,50,1,0.1,Ring,iOS/Android
c15862bae7b9b5b5b78f362f0aea3ead,24,3,255,2,141,1,107,15,1.7833333333333334,0.25,25,3,1,Bracelet,iOS
c15862bae7b9b5b5b78f362f0aea3ead,24,3,126,3,141,0,107,15,1.7833333333333334,0.25,50,1,0.5,Ring,Android
c15862bae7b9b5b5b78f362f0aea3ead,24,4,178,1,142,1,107,15,1.7833333333333334,0.25,100,3,0.5,Ring,iOS/Android
c15862bae7b9b5b5b78f362f0aea3ead,24,4,238,2,142,0,107,15,1.7833333333333334,0.25,100,1,1,Ring,Android
c15862bae7b9b5b5b78f362f0aea3ead,24,4,120,3,142,0,107,15,1.7833333333333334,0.25,100,1,0.5,Card,iOS
c15862bae7b9b5b5b78f362f0aea3ead,24,5,32,1,143,1,107,15,1.7833333333333334,0.25,50,1,0.1,Card,iOS/Android
c15862bae7b9b5b5b78f362f0aea3ead,24,5,57,2,143,0,107,15,1.7833333333333334,0.25,100,3,0.1,Implantable,Android
c15862bae7b9b5b5b78f362f0aea3ead,24,5,144,3,143,0,107,15,1.7833333333333334,0.25,100,1,0.5,Card,iOS/Android
c15862bae7b9b5b5b78f362f0aea3ead,24,6,258,1,144,0,107,15,1.7833333333333334,0.25,50,3,1,Ring,iOS
c15862bae7b9b5b5b78f362f0aea3ead,24,6,113,2,144,0,107,15,1.7833333333333334,0.25,50,1,0.5,Implantable,iOS
c15862bae7b9b5b5b78f362f0aea3ead,24,6,203,3,144,1,107,15,1.7833333333333334,0.25,100,5,0.5,Bracelet,Android
fb141fc29f604e7eb8acf058f806a348,25,1,247,1,145,0,237,88,3.95,1.4666666666666666,50,1,1,Bracelet,iOS/Android
fb141fc29f604e7eb8acf058f806a348,25,1,234,2,145,0,237,88,3.95,1.4666666666666666,50,1,1,Ring,Android
fb141fc29f604e7eb8acf058f806a348,25,1,185,3,145,1,237,88,3.95,1.4666666666666666,50,5,0.5,Implantable,iOS
fb141fc29f604e7eb8acf058f806a348,25,2,165,1,146,0,237,88,3.95,1.4666666666666666,100,3,0.5,Implantable,Android
fb141fc29f604e7eb8acf058f806a348,25,2,55,2,146,1,237,88,3.95,1.4666666666666666,50,3,0.1,Bracelet,Android
fb141fc29f604e7eb8acf058f806a348,25,2,293,3,146,0,237,88,3.95,1.4666666666666666,50,5,1,Implantable,iOS
fb141fc29f604e7eb8acf058f806a348,25,3,227,1,147,1,237,88,3.95,1.4666666666666666,100,1,1,Bracelet,iOS
fb141fc29f604e7eb8acf058f806a348,25,3,317,2,147,0,237,88,3.95,1.4666666666666666,50,5,1,Implantable,iOS/Android
fb141fc29f604e7eb8acf058f806a348,25,3,307,3,147,0,237,88,3.95,1.4666666666666666,50,5,1,Bracelet,Android
fb141fc29f604e7eb8acf058f806a348,25,4,87,1,148,0,237,88,3.95,1.4666666666666666,25,5,0.1,Bracelet,Android
fb141fc29f604e7eb8acf058f806a348,25,4,202,2,148,0,237,88,3.95,1.4666666666666666,100,5,0.5,Ring,Android
fb141fc29f604e7eb8acf058f806a348,25,4,307,3,148,1,237,88,3.95,1.4666666666666666,50,5,1,Bracelet,Android
fb141fc29f604e7eb8acf058f806a348,25,5,195,1,149,1,237,88,3.95,1.4666666666666666,25,5,0.5,Bracelet,Android
fb141fc29f604e7eb8acf058f806a348,25,5,274,2,149,0,237,88,3.95,1.4666666666666666,100,3,1,Ring,Android
fb141fc29f604e7eb8acf058f806a348,25,5,223,3,149,0,237,88,3.95,1.4666666666666666,50,1,1,Bracelet,iOS
fb141fc29f604e7eb8acf058f806a348,25,6,218,1,150,0,237,88,3.95,1.4666666666666666,25,1,1,Ring,iOS
fb141fc29f604e7eb8acf058f806a348,25,6,263,2,150,1,237,88,3.95,1.4666666666666666,100,3,1,Bracelet,iOS
fb141fc29f604e7eb8acf058f806a348,25,6,201,3,150,0,237,88,3.95,1.4666666666666666,100,5,0.5,Implantable,Android
f0269196f02c7063a89bc09e7d96768c,26,1,294,1,151,0,261,84,4.35,1.4,50,5,1,Ring,iOS
f0269196f02c7063a89bc09e7d96768c,26,1,203,2,151,0,261,84,4.35,1.4,100,5,0.5,Bracelet,Android
f0269196f02c7063a89bc09e7d96768c,26,1,289,3,151,1,261,84,4.35,1.4,25,5,1,Implantable,iOS
f0269196f02c7063a89bc09e7d96768c,26,2,106,1,152,0,261,84,4.35,1.4,100,5,0.1,Ring,iOS/Android
f0269196f02c7063a89bc09e7d96768c,26,2,320,2,152,1,261,84,4.35,1.4,50,5,1,Card,iOS/Android
f0269196f02c7063a89bc09e7d96768c,26,2,287,3,152,0,261,84,4.35,1.4,100,3,1,Bracelet,iOS/Android
f0269196f02c7063a89bc09e7d96768c,26,3,21,1,153,1,261,84,4.35,1.4,100,1,0.1,Implantable,Android
f0269196f02c7063a89bc09e7d96768c,26,3,213,2,153,0,261,84,4.35,1.4,100,5,0.5,Implantable,iOS/Android
f0269196f02c7063a89bc09e7d96768c,26,3,103,3,153,0,261,84,4.35,1.4,50,5,0.1,Bracelet,iOS/Android
f0269196f02c7063a89bc09e7d96768c,26,4,138,1,154,0,261,84,4.35,1.4,50,1,0.5,Ring,iOS/Android
f0269196f02c7063a89bc09e7d96768c,26,4,317,2,154,0,261,84,4.35,1.4,50,5,1,Implantable,iOS/Android
f0269196f02c7063a89bc09e7d96768c,26,4,180,3,154,1,261,84,4.35,1.4,100,3,0.5,Card,iOS/Android
f0269196f02c7063a89bc09e7d96768c,26,5,215,1,155,0,261,84,4.35,1.4,100,5,0.5,Bracelet,iOS/Android
f0269196f02c7063a89bc09e7d96768c,26,5,293,2,155,0,261,84,4.35,1.4,50,5,1,Implantable,iOS
f0269196f02c7063a89bc09e7d96768c,26,5,175,3,155,1,261,84,4.35,1.4,50,3,0.5,Bracelet,iOS/Android
f0269196f02c7063a89bc09e7d96768c,26,6,115,1,156,0,261,84,4.35,1.4,50,1,0.5,Bracelet,iOS
f0269196f02c7063a89bc09e7d96768c,26,6,194,2,156,0,261,84,4.35,1.4,25,5,0.5,Ring,Android
f0269196f02c7063a89bc09e7d96768c,26,6,299,3,156,1,261,84,4.35,1.4,100,5,1,Bracelet,iOS
f56311ec779c20eb027ea8ee9d2f2e0e,27,1,25,1,157,0,505,45,8.416666666666666,0.75,25,1,0.1,Implantable,iOS/Android
f56311ec779c20eb027ea8ee9d2f2e0e,27,1,280,2,157,0,505,45,8.416666666666666,0.75,25,3,1,Card,iOS/Android
f56311ec779c20eb027ea8ee9d2f2e0e,27,1,223,3,157,1,505,45,8.416666666666666,0.75,50,1,1,Bracelet,iOS
f56311ec779c20eb027ea8ee9d2f2e0e,27,2,104,1,158,0,505,45,8.416666666666666,0.75,50,5,0.1,Card,iOS/Android
f56311ec779c20eb027ea8ee9d2f2e0e,27,2,304,2,158,0,505,45,8.416666666666666,0.75,25,5,1,Card,Android
f56311ec779c20eb027ea8ee9d2f2e0e,27,2,208,3,158,1,505,45,8.416666666666666,0.75,25,5,0.5,Card,iOS/Android
f56311ec779c20eb027ea8ee9d2f2e0e,27,3,235,1,159,1,505,45,8.416666666666666,0.75,50,1,1,Bracelet,Android
f56311ec779c20eb027ea8ee9d2f2e0e,27,3,205,2,159,0,505,45,8.416666666666666,0.75,25,5,0.5,Implantable,iOS/Android
f56311ec779c20eb027ea8ee9d2f2e0e,27,3,93,3,159,0,505,45,8.416666666666666,0.75,100,5,0.1,Implantable,Android
f56311ec779c20eb027ea8ee9d2f2e0e,27,4,238,1,160,0,505,45,8.416666666666666,0.75,100,1,1,Ring,Android
f56311ec779c20eb027ea8ee9d2f2e0e,27,4,46,2,160,1,505,45,8.416666666666666,0.75,100,3,0.1,Ring,iOS
f56311ec779c20eb027ea8ee9d2f2e0e,27,4,75,3,160,0,505,45,8.416666666666666,0.75,25,5,0.1,Bracelet,iOS
f56311ec779c20eb027ea8ee9d2f2e0e,27,5,256,1,161,0,505,45,8.416666666666666,0.75,25,3,1,Card,iOS
f56311ec779c20eb027ea8ee9d2f2e0e,27,5,315,2,161,1,505,45,8.416666666666666,0.75,25,5,1,Bracelet,iOS/Android
f56311ec779c20eb027ea8ee9d2f2e0e,27,5,168,3,161,0,505,45,8.416666666666666,0.75,100,3,0.5,Card,Android
f56311ec779c20eb027ea8ee9d2f2e0e,27,6,255,1,162,0,505,45,8.416666666666666,0.75,25,3,1,Bracelet,iOS
f56311ec779c20eb027ea8ee9d2f2e0e,27,6,312,2,162,0,505,45,8.416666666666666,0.75,100,5,1,Card,Android
f56311ec779c20eb027ea8ee9d2f2e0e,27,6,309,3,162,1,505,45,8.416666666666666,0.75,100,5,1,Implantable,Android
fb72d21e0f8c5fca5102f86c6dec095a,28,1,207,1,163,1,202,11,3.3666666666666667,0.18333333333333332,25,5,0.5,Bracelet,iOS/Android
fb72d21e0f8c5fca5102f86c6dec095a,28,1,95,2,163,0,202,11,3.3666666666666667,0.18333333333333332,100,5,0.1,Bracelet,Android
fb72d21e0f8c5fca5102f86c6dec095a,28,1,305,3,163,0,202,11,3.3666666666666667,0.18333333333333332,50,5,1,Implantable,Android
fb72d21e0f8c5fca5102f86c6dec095a,28,2,35,1,164,0,202,11,3.3666666666666667,0.18333333333333332,100,1,0.1,Bracelet,iOS/Android
fb72d21e0f8c5fca5102f86c6dec095a,28,2,15,2,164,1,202,11,3.3666666666666667,0.18333333333333332,25,1,0.1,Bracelet,Android
fb72d21e0f8c5fca5102f86c6dec095a,28,2,252,3,164,0,202,11,3.3666666666666667,0.18333333333333332,100,1,1,Card,iOS/Android
fb72d21e0f8c5fca5102f86c6dec095a,28,3,254,1,165,0,202,11,3.3666666666666667,0.18333333333333332,25,3,1,Ring,iOS
fb72d21e0f8c5fca5102f86c6dec095a,28,3,13,2,165,1,202,11,3.3666666666666667,0.18333333333333332,25,1,0.1,Implantable,Android
fb72d21e0f8c5fca5102f86c6dec095a,28,3,271,3,165,0,202,11,3.3666666666666667,0.18333333333333332,50,3,1,Bracelet,Android
fb72d21e0f8c5fca5102f86c6dec095a,28,4,152,1,166,1,202,11,3.3666666666666667,0.18333333333333332,50,3,0.5,Card,iOS
fb72d21e0f8c5fca5102f86c6dec095a,28,4,200,2,166,0,202,11,3.3666666666666667,0.18333333333333332,50,5,0.5,Card,Android
fb72d21e0f8c5fca5102f86c6dec095a,28,4,21,3,166,0,202,11,3.3666666666666667,0.18333333333333332,100,1,0.1,Implantable,Android
fb72d21e0f8c5fca5102f86c6dec095a,28,5,320,1,167,0,202,11,3.3666666666666667,0.18333333333333332,50,5,1,Card,iOS/Android
fb72d21e0f8c5fca5102f86c6dec095a,28,5,167,2,167,1,202,11,3.3666666666666667,0.18333333333333332,100,3,0.5,Bracelet,Android
fb72d21e0f8c5fca5102f86c6dec095a,28,5,19,3,167,0,202,11,3.3666666666666667,0.18333333333333332,50,1,0.1,Bracelet,Android
fb72d21e0f8c5fca5102f86c6dec095a,28,6,169,1,168,0,202,11,3.3666666666666667,0.18333333333333332,25,3,0.5,Implantable,iOS/Android
fb72d21e0f8c5fca5102f86c6dec095a,28,6,303,2,168,1,202,11,3.3666666666666667,0.18333333333333332,25,5,1,Bracelet,Android
fb72d21e0f8c5fca5102f86c6dec095a,28,6,64,3,168,0,202,11,3.3666666666666667,0.18333333333333332,25,3,0.1,Card,iOS/Android
c441c8a8fefa6f597618d77c399dcdfb,29,1,145,1,169,0,315,81,5.25,1.35,25,3,0.5,Implantable,iOS
c441c8a8fefa6f597618d77c399dcdfb,29,1,51,2,169,0,315,81,5.25,1.35,25,3,0.1,Bracelet,Android
c441c8a8fefa6f597618d77c399dcdfb,29,1,113,3,169,1,315,81,5.25,1.35,50,1,0.5,Implantable,iOS
c441c8a8fefa6f597618d77c399dcdfb,29,2,174,1,170,1,315,81,5.25,1.35,50,3,0.5,Ring,iOS/Android
c441c8a8fefa6f597618d77c399dcdfb,29,2,59,2,170,0,315,81,5.25,1.35,100,3,0.1,Bracelet,Android
c441c8a8fefa6f597618d77c399dcdfb,29,2,308,3,170,0,315,81,5.25,1.35,50,5,1,Card,Android
c441c8a8fefa6f597618d77c399dcdfb,29,3,87,1,171,1,315,81,5.25,1.35,25,5,0.1,Bracelet,Android
c441c8a8fefa6f597618d77c399dcdfb,29,3,250,2,171,0,315,81,5.25,1.35,100,1,1,Ring,iOS/Android
c441c8a8fefa6f597618d77c399dcdfb,29,3,288,3,171,0,315,81,5.25,1.35,100,3,1,Card,iOS/Android
c441c8a8fefa6f597618d77c399dcdfb,29,4,67,1,172,0,315,81,5.25,1.35,50,3,0.1,Bracelet,iOS/Android
c441c8a8fefa6f597618d77c399dcdfb,29,4,123,2,172,0,315,81,5.25,1.35,25,1,0.5,Bracelet,Android
c441c8a8fefa6f597618d77c399dcdfb,29,4,280,3,172,1,315,81,5.25,1.35,25,3,1,Card,iOS/Android
c441c8a8fefa6f597618d77c399dcdfb,29,5,106,1,173,0,315,81,5.25,1.35,100,5,0.1,Ring,iOS/Android
c441c8a8fefa6f597618d77c399dcdfb,29,5,205,2,173,1,315,81,5.25,1.35,25,5,0.5,Implantable,iOS/Android
c441c8a8fefa6f597618d77c399dcdfb,29,5,249,3,173,0,315,81,5.25,1.35,100,1,1,Implantable,iOS/Android
c441c8a8fefa6f597618d77c399dcdfb,29,6,289,1,174,1,315,81,5.25,1.35,25,5,1,Implantable,iOS
c441c8a8fefa6f597618d77c399dcdfb,29,6,122,2,174,0,315,81,5.25,1.35,25,1,0.5,Ring,Android
c441c8a8fefa6f597618d77c399dcdfb,29,6,277,3,174,0,315,81,5.25,1.35,25,3,1,Implantable,iOS/Android
5b744423aff8776772fa32b9f1fbceb7,30,1,168,1,175,0,894,18,14.9,0.3,100,3,0.5,Card,Android
5b744423aff8776772fa32b9f1fbceb7,30,1,290,2,175,1,894,18,14.9,0.3,25,5,1,Ring,iOS
5b744423aff8776772fa32b9f1fbceb7,30,1,115,3,175,0,894,18,14.9,0.3,50,1,0.5,Bracelet,iOS
5b744423aff8776772fa32b9f1fbceb7,30,2,297,1,176,1,894,18,14.9,0.3,100,5,1,Implantable,iOS
5b744423aff8776772fa32b9f1fbceb7,30,2,39,2,176,0,894,18,14.9,0.3,25,3,0.1,Bracelet,iOS
5b744423aff8776772fa32b9f1fbceb7,30,2,50,3,176,0,894,18,14.9,0.3,25,3,0.1,Ring,Android
5b744423aff8776772fa32b9f1fbceb7,30,3,269,1,177,0,894,18,14.9,0.3,50,3,1,Implantable,Android
5b744423aff8776772fa32b9f1fbceb7,30,3,122,2,177,0,894,18,14.9,0.3,25,1,0.5,Ring,Android
5b744423aff8776772fa32b9f1fbceb7,30,3,176,3,177,1,894,18,14.9,0.3,50,3,0.5,Card,iOS/Android
5b744423aff8776772fa32b9f1fbceb7,30,4,24,1,178,1,894,18,14.9,0.3,100,1,0.1,Card,Android
5b744423aff8776772fa32b9f1fbceb7,30,4,165,2,178,0,894,18,14.9,0.3,100,3,0.5,Implantable,Android
5b744423aff8776772fa32b9f1fbceb7,30,4,155,3,178,0,894,18,14.9,0.3,100,3,0.5,Bracelet,iOS
5b744423aff8776772fa32b9f1fbceb7,30,5,79,1,179,0,894,18,14.9,0.3,50,5,0.1,Bracelet,iOS
5b744423aff8776772fa32b9f1fbceb7,30,5,222,2,179,0,894,18,14.9,0.3,50,1,1,Ring,iOS
5b744423aff8776772fa32b9f1fbceb7,30,5,242,3,179,1,894,18,14.9,0.3,25,1,1,Ring,iOS/Android
5b744423aff8776772fa32b9f1fbceb7,30,6,91,1,180,0,894,18,14.9,0.3,50,5,0.1,Bracelet,Android
5b744423aff8776772fa32b9f1fbceb7,30,6,6,2,180,1,894,18,14.9,0.3,50,1,0.1,Ring,iOS
5b744423aff8776772fa32b9f1fbceb7,30,6,187,3,180,0,894,18,14.9,0.3,50,5,0.5,Bracelet,iOS
7edc088495e1faa57aeeb34788bcfe27,31,1,36,1,181,0,108,41,1.8,0.6833333333333333,100,1,0.1,Card,iOS/Android
7edc088495e1faa57aeeb34788bcfe27,31,1,319,2,181,1,108,41,1.8,0.6833333333333333,50,5,1,Bracelet,iOS/Android
7edc088495e1faa57aeeb34788bcfe27,31,1,161,3,181,0,108,41,1.8,0.6833333333333333,50,3,0.5,Implantable,Android
7edc088495e1faa57aeeb34788bcfe27,31,2,293,1,182,0,108,41,1.8,0.6833333333333333,50,5,1,Implantable,iOS
7edc088495e1faa57aeeb34788bcfe27,31,2,213,2,182,0,108,41,1.8,0.6833333333333333,100,5,0.5,Implantable,iOS/Android
7edc088495e1faa57aeeb34788bcfe27,31,2,188,3,182,1,108,41,1.8,0.6833333333333333,50,5,0.5,Card,iOS
7edc088495e1faa57aeeb34788bcfe27,31,3,148,1,183,0,108,41,1.8,0.6833333333333333,25,3,0.5,Card,iOS
7edc088495e1faa57aeeb34788bcfe27,31,3,107,2,183,1,108,41,1.8,0.6833333333333333,100,5,0.1,Bracelet,iOS/Android
7edc088495e1faa57aeeb34788bcfe27,31,3,205,3,183,0,108,41,1.8,0.6833333333333333,25,5,0.5,Implantable,iOS/Android
7edc088495e1faa57aeeb34788bcfe27,31,4,174,1,184,1,108,41,1.8,0.6833333333333333,50,3,0.5,Ring,iOS/Android
7edc088495e1faa57aeeb34788bcfe27,31,4,289,2,184,0,108,41,1.8,0.6833333333333333,25,5,1,Implantable,iOS
7edc088495e1faa57aeeb34788bcfe27,31,4,243,3,184,0,108,41,1.8,0.6833333333333333,25,1,1,Bracelet,iOS/Android
7edc088495e1faa57aeeb34788bcfe27,31,5,304,1,185,1,108,41,1.8,0.6833333333333333,25,5,1,Card,Android
7edc088495e1faa57aeeb34788bcfe27,31,5,171,2,185,0,108,41,1.8,0.6833333333333333,25,3,0.5,Bracelet,iOS/Android
7edc088495e1faa57aeeb34788bcfe27,31,5,8,3,185,0,108,41,1.8,0.6833333333333333,50,1,0.1,Card,iOS
7edc088495e1faa57aeeb34788bcfe27,31,6,214,1,186,1,108,41,1.8,0.6833333333333333,100,5,0.5,Ring,iOS/Android
7edc088495e1faa57aeeb34788bcfe27,31,6,138,2,186,0,108,41,1.8,0.6833333333333333,50,1,0.5,Ring,iOS/Android
7edc088495e1faa57aeeb34788bcfe27,31,6,294,3,186,0,108,41,1.8,0.6833333333333333,50,5,1,Ring,iOS
9b8420ffe59da6d3f786394da7f0b0ed,32,1,130,1,187,1,308,52,5.133333333333334,0.8666666666666667,100,1,0.5,Ring,Android
9b8420ffe59da6d3f786394da7f0b0ed,32,1,97,2,187,0,308,52,5.133333333333334,0.8666666666666667,25,5,0.1,Implantable,iOS/Android
9b8420ffe59da6d3f786394da7f0b0ed,32,1,192,3,187,0,308,52,5.133333333333334,0.8666666666666667,100,5,0.5,Card,iOS
9b8420ffe59da6d3f786394da7f0b0ed,32,2,240,1,188,0,308,52,5.133333333333334,0.8666666666666667,100,1,1,Card,Android
9b8420ffe59da6d3f786394da7f0b0ed,32,2,12,2,188,0,308,52,5.133333333333334,0.8666666666666667,100,1,0.1,Card,iOS
9b8420ffe59da6d3f786394da7f0b0ed,32,2,209,3,188,1,308,52,5.133333333333334,0.8666666666666667,50,5,0.5,Implantable,iOS/Android
9b8420ffe59da6d3f786394da7f0b0ed,32,3,164,1,189,0,308,52,5.133333333333334,0.8666666666666667,50,3,0.5,Card,Android
9b8420ffe59da6d3f786394da7f0b0ed,32,3,24,2,189,0,308,52,5.133333333333334,0.8666666666666667,100,1,0.1,Card,Android
9b8420ffe59da6d3f786394da7f0b0ed,32,3,254,3,189,1,308,52,5.133333333333334,0.8666666666666667,25,3,1,Ring,iOS
9b8420ffe59da6d3f786394da7f0b0ed,32,4,210,1,190,0,308,52,5.133333333333334,0.8666666666666667,50,5,0.5,Ring,iOS/Android
9b8420ffe59da6d3f786394da7f0b0ed,32,4,179,2,190,0,308,52,5.133333333333334,0.8666666666666667,100,3,0.5,Bracelet,iOS/Android
9b8420ffe59da6d3f786394da7f0b0ed,32,4,207,3,190,1,308,52,5.133333333333334,0.8666666666666667,25,5,0.5,Bracelet,iOS/Android
9b8420ffe59da6d3f786394da7f0b0ed,32,5,319,1,191,1,308,52,5.133333333333334,0.8666666666666667,50,5,1,Bracelet,iOS/Android
9b8420ffe59da6d3f786394da7f0b0ed,32,5,323,2,191,0,308,52,5.133333333333334,0.8666666666666667,100,5,1,Bracelet,iOS/Android
9b8420ffe59da6d3f786394da7f0b0ed,32,5,193,3,191,0,308,52,5.133333333333334,0.8666666666666667,25,5,0.5,Implantable,Android
9b8420ffe59da6d3f786394da7f0b0ed,32,6,78,1,192,0,308,52,5.133333333333334,0.8666666666666667,50,5,0.1,Ring,iOS
9b8420ffe59da6d3f786394da7f0b0ed,32,6,314,2,192,1,308,52,5.133333333333334,0.8666666666666667,25,5,1,Ring,iOS/Android
9b8420ffe59da6d3f786394da7f0b0ed,32,6,281,3,192,0,308,52,5.133333333333334,0.8666666666666667,50,3,1,Implantable,iOS/Android
4c817f454289ecf923ba9e19e606222c,33,1,90,1,193,0,239,61,3.9833333333333334,1.0166666666666666,50,5,0.1,Ring,Android
4c817f454289ecf923ba9e19e606222c,33,1,226,2,193,1,239,61,3.9833333333333334,1.0166666666666666,100,1,1,Ring,iOS
4c817f454289ecf923ba9e19e606222c,33,1,115,3,193,0,239,61,3.9833333333333334,1.0166666666666666,50,1,0.5,Bracelet,iOS
4c817f454289ecf923ba9e19e606222c,33,2,249,1,194,1,239,61,3.9833333333333334,1.0166666666666666,100,1,1,Implantable,iOS/Android
4c817f454289ecf923ba9e19e606222c,33,2,102,2,194,0,239,61,3.9833333333333334,1.0166666666666666,50,5,0.1,Ring,iOS/Android
4c817f454289ecf923ba9e19e606222c,33,2,185,3,194,0,239,61,3.9833333333333334,1.0166666666666666,50,5,0.5,Implantable,iOS
4c817f454289ecf923ba9e19e606222c,33,3,228,1,195,1,239,61,3.9833333333333334,1.0166666666666666,100,1,1,Card,iOS
4c817f454289ecf923ba9e19e606222c,33,3,133,2,195,0,239,61,3.9833333333333334,1.0166666666666666,25,1,0.5,Implantable,iOS/Android
4c817f454289ecf923ba9e19e606222c,33,3,276,3,195,0,239,61,3.9833333333333334,1.0166666666666666,100,3,1,Card,Android
4c817f454289ecf923ba9e19e606222c,33,4,25,1,196,0,239,61,3.9833333333333334,1.0166666666666666,25,1,0.1,Implantable,iOS/Android
4c817f454289ecf923ba9e19e606222c,33,4,229,2,196,1,239,61,3.9833333333333334,1.0166666666666666,25,1,1,Implantable,Android
4c817f454289ecf923ba9e19e606222c,33,4,84,3,196,0,239,61,3.9833333333333334,1.0166666666666666,100,5,0.1,Card,iOS
4c817f454289ecf923ba9e19e606222c,33,5,307,1,197,0,239,61,3.9833333333333334,1.0166666666666666,50,5,1,Bracelet,Android
4c817f454289ecf923ba9e19e606222c,33,5,104,2,197,0,239,61,3.9833333333333334,1.0166666666666666,50,5,0.1,Card,iOS/Android
4c817f454289ecf923ba9e19e606222c,33,5,75,3,197,1,239,61,3.9833333333333334,1.0166666666666666,25,5,0.1,Bracelet,iOS
4c817f454289ecf923ba9e19e606222c,33,6,3,1,198,0,239,61,3.9833333333333334,1.0166666666666666,25,1,0.1,Bracelet,iOS
4c817f454289ecf923ba9e19e606222c,33,6,251,2,198,0,239,61,3.9833333333333334,1.0166666666666666,100,1,1,Bracelet,iOS/Android
4c817f454289ecf923ba9e19e606222c,33,6,148,3,198,1,239,61,3.9833333333333334,1.0166666666666666,25,3,0.5,Card,iOS
114eecec36bedb1445961f09234ce0a8,34,1,259,1,199,1,473,69,7.883333333333334,1.15,50,3,1,Bracelet,iOS
114eecec36bedb1445961f09234ce0a8,34,1,239,2,199,0,473,69,7.883333333333334,1.15,100,1,1,Bracelet,Android
114eecec36bedb1445961f09234ce0a8,34,1,61,3,199,0,473,69,7.883333333333334,1.15,25,3,0.1,Implantable,iOS/Android
114eecec36bedb1445961f09234ce0a8,34,2,122,1,200,0,473,69,7.883333333333334,1.15,25,1,0.5,Ring,Android
114eecec36bedb1445961f09234ce0a8,34,2,312,2,200,0,473,69,7.883333333333334,1.15,100,5,1,Card,Android
114eecec36bedb1445961f09234ce0a8,34,2,140,3,200,1,473,69,7.883333333333334,1.15,50,1,0.5,Card,iOS/Android
114eecec36bedb1445961f09234ce0a8,34,3,197,1,201,0,473,69,7.883333333333334,1.15,50,5,0.5,Implantable,Android
114eecec36bedb1445961f09234ce0a8,34,3,157,2,201,0,473,69,7.883333333333334,1.15,25,3,0.5,Implantable,Android
114eecec36bedb1445961f09234ce0a8,34,3,264,3,201,1,473,69,7.883333333333334,1.15,100,3,1,Card,iOS
114eecec36bedb1445961f09234ce0a8,34,4,142,1,202,0,473,69,7.883333333333334,1.15,100,1,0.5,Ring,iOS/Android
114eecec36bedb1445961f09234ce0a8,34,4,39,2,202,0,473,69,7.883333333333334,1.15,25,3,0.1,Bracelet,iOS
114eecec36bedb1445961f09234ce0a8,34,4,45,3,202,1,473,69,7.883333333333334,1.15,100,3,0.1,Implantable,iOS
114eecec36bedb1445961f09234ce0a8,34,5,110,1,203,0,473,69,7.883333333333334,1.15,25,1,0.5,Ring,iOS
114eecec36bedb1445961f09234ce0a8,34,5,280,2,203,0,473,69,7.883333333333334,1.15,25,3,1,Card,iOS/Android
114eecec36bedb1445961f09234ce0a8,34,5,38,3,203,1,473,69,7.883333333333334,1.15,25,3,0.1,Ring,iOS
114eecec36bedb1445961f09234ce0a8,34,6,183,1,204,1,473,69,7.883333333333334,1.15,25,5,0.5,Bracelet,iOS
114eecec36bedb1445961f09234ce0a8,34,6,253,2,204,0,473,69,7.883333333333334,1.15,25,3,1,Implantable,iOS
114eecec36bedb1445961f09234ce0a8,34,6,256,3,204,0,473,69,7.883333333333334,1.15,25,3,1,Card,iOS
3233229e9512eecee3a7f462188c6fe4,35,1,42,1,205,0,167,78,2.783333333333333,1.3,50,3,0.1,Ring,iOS
3233229e9512eecee3a7f462188c6fe4,35,1,210,2,205,1,167,78,2.783333333333333,1.3,50,5,0.5,Ring,iOS/Android
3233229e9512eecee3a7f462188c6fe4,35,1,60,3,205,0,167,78,2.783333333333333,1.3,100,3,0.1,Card,Android
3233229e9512eecee3a7f462188c6fe4,35,2,48,1,206,0,167,78,2.783333333333333,1.3,100,3,0.1,Card,iOS
3233229e9512eecee3a7f462188c6fe4,35,2,65,2,206,1,167,78,2.783333333333333,1.3,50,3,0.1,Implantable,iOS/Android
3233229e9512eecee3a7f462188c6fe4,35,2,83,3,206,0,167,78,2.783333333333333,1.3,100,5,0.1,Bracelet,iOS
3233229e9512eecee3a7f462188c6fe4,35,3,302,1,207,0,167,78,2.783333333333333,1.3,25,5,1,Ring,Android
3233229e9512eecee3a7f462188c6fe4,35,3,42,2,207,0,167,78,2.783333333333333,1.3,50,3,0.1,Ring,iOS
3233229e9512eecee3a7f462188c6fe4,35,3,110,3,207,1,167,78,2.783333333333333,1.3,25,1,0.5,Ring,iOS
3233229e9512eecee3a7f462188c6fe4,35,4,238,1,208,1,167,78,2.783333333333333,1.3,100,1,1,Ring,Android
3233229e9512eecee3a7f462188c6fe4,35,4,130,2,208,0,167,78,2.783333333333333,1.3,100,1,0.5,Ring,Android
3233229e9512eecee3a7f462188c6fe4,35,4,198,3,208,0,167,78,2.783333333333333,1.3,50,5,0.5,Ring,Android
3233229e9512eecee3a7f462188c6fe4,35,5,190,1,209,0,167,78,2.783333333333333,1.3,100,5,0.5,Ring,iOS
3233229e9512eecee3a7f462188c6fe4,35,5,132,2,209,1,167,78,2.783333333333333,1.3,100,1,0.5,Card,Android
3233229e9512eecee3a7f462188c6fe4,35,5,134,3,209,0,167,78,2.783333333333333,1.3,25,1,0.5,Ring,iOS/Android
3233229e9512eecee3a7f462188c6fe4,35,6,278,1,210,0,167,78,2.783333333333333,1.3,25,3,1,Ring,iOS/Android
3233229e9512eecee3a7f462188c6fe4,35,6,283,2,210,1,167,78,2.783333333333333,1.3,50,3,1,Bracelet,iOS/Android
3233229e9512eecee3a7f462188c6fe4,35,6,34,3,210,0,167,78,2.783333333333333,1.3,100,1,0.1,Ring,iOS/Android
3b88b43935930acac31fa92a53e61a2a,36,1,320,1,211,0,238,47,3.966666666666667,0.7833333333333333,50,5,1,Card,iOS/Android
3b88b43935930acac31fa92a53e61a2a,36,1,25,2,211,1,238,47,3.966666666666667,0.7833333333333333,25,1,0.1,Implantable,iOS/Android
3b88b43935930acac31fa92a53e61a2a,36,1,288,3,211,0,238,47,3.966666666666667,0.7833333333333333,100,3,1,Card,iOS/Android
3b88b43935930acac31fa92a53e61a2a,36,2,318,1,212,0,238,47,3.966666666666667,0.7833333333333333,50,5,1,Ring,iOS/Android
3b88b43935930acac31fa92a53e61a2a,36,2,125,2,212,1,238,47,3.966666666666667,0.7833333333333333,50,1,0.5,Implantable,Android
3b88b43935930acac31fa92a53e61a2a,36,2,283,3,212,0,238,47,3.966666666666667,0.7833333333333333,50,3,1,Bracelet,iOS/Android
3b88b43935930acac31fa92a53e61a2a,36,3,221,1,213,0,238,47,3.966666666666667,0.7833333333333333,50,1,1,Implantable,iOS
3b88b43935930acac31fa92a53e61a2a,36,3,229,2,213,0,238,47,3.966666666666667,0.7833333333333333,25,1,1,Implantable,Android
3b88b43935930acac31fa92a53e61a2a,36,3,258,3,213,1,238,47,3.966666666666667,0.7833333333333333,50,3,1,Ring,iOS
3b88b43935930acac31fa92a53e61a2a,36,4,249,1,214,1,238,47,3.966666666666667,0.7833333333333333,100,1,1,Implantable,iOS/Android
3b88b43935930acac31fa92a53e61a2a,36,4,293,2,214,0,238,47,3.966666666666667,0.7833333333333333,50,5,1,Implantable,iOS
3b88b43935930acac31fa92a53e61a2a,36,4,282,3,214,0,238,47,3.966666666666667,0.7833333333333333,50,3,1,Ring,iOS/Android
3b88b43935930acac31fa92a53e61a2a,36,5,72,1,215,0,238,47,3.966666666666667,0.7833333333333333,100,3,0.1,Card,iOS/Android
3b88b43935930acac31fa92a53e61a2a,36,5,95,2,215,1,238,47,3.966666666666667,0.7833333333333333,100,5,0.1,Bracelet,Android
3b88b43935930acac31fa92a53e61a2a,36,5,229,3,215,0,238,47,3.966666666666667,0.7833333333333333,25,1,1,Implantable,Android
3b88b43935930acac31fa92a53e61a2a,36,6,214,1,216,1,238,47,3.966666666666667,0.7833333333333333,100,5,0.5,Ring,iOS/Android
3b88b43935930acac31fa92a53e61a2a,36,6,216,2,216,0,238,47,3.966666666666667,0.7833333333333333,100,5,0.5,Card,iOS/Android
3b88b43935930acac31fa92a53e61a2a,36,6,68,3,216,0,238,47,3.966666666666667,0.7833333333333333,50,3,0.1,Card,iOS/Android
6885584b6e429e83655a35a1693e9122,37,1,324,1,217,1,139,45,2.316666666666667,0.75,100,5,1,Card,iOS/Android
6885584b6e429e83655a35a1693e9122,37,1,7,2,217,0,139,45,2.316666666666667,0.75,50,1,0.1,Bracelet,iOS
6885584b6e429e83655a35a1693e9122,37,1,91,3,217,0,139,45,2.316666666666667,0.75,50,5,0.1,Bracelet,Android
6885584b6e429e83655a35a1693e9122,37,2,153,1,218,0,139,45,2.316666666666667,0.75,100,3,0.5,Implantable,iOS
6885584b6e429e83655a35a1693e9122,37,2,128,2,218,0,139,45,2.316666666666667,0.75,50,1,0.5,Card,Android
6885584b6e429e83655a35a1693e9122,37,2,38,3,218,1,139,45,2.316666666666667,0.75,25,3,0.1,Ring,iOS
6885584b6e429e83655a35a1693e9122,37,3,183,1,219,0,139,45,2.316666666666667,0.75,25,5,0.5,Bracelet,iOS
6885584b6e429e83655a35a1693e9122,37,3,287,2,219,1,139,45,2.316666666666667,0.75,100,3,1,Bracelet,iOS/Android
6885584b6e429e83655a35a1693e9122,37,3,15,3,219,0,139,45,2.316666666666667,0.75,25,1,0.1,Bracelet,Android
6885584b6e429e83655a35a1693e9122,37,4,277,1,220,1,139,45,2.316666666666667,0.75,25,3,1,Implantable,iOS/Android
6885584b6e429e83655a35a1693e9122,37,4,221,2,220,0,139,45,2.316666666666667,0.75,50,1,1,Implantable,iOS
6885584b6e429e83655a35a1693e9122,37,4,40,3,220,0,139,45,2.316666666666667,0.75,25,3,0.1,Card,iOS
6885584b6e429e83655a35a1693e9122,37,5,139,1,221,0,139,45,2.316666666666667,0.75,50,1,0.5,Bracelet,iOS/Android
6885584b6e429e83655a35a1693e9122,37,5,220,2,221,1,139,45,2.316666666666667,0.75,25,1,1,Card,iOS
6885584b6e429e83655a35a1693e9122,37,5,256,3,221,0,139,45,2.316666666666667,0.75,25,3,1,Card,iOS
6885584b6e429e83655a35a1693e9122,37,6,139,1,222,0,139,45,2.316666666666667,0.75,50,1,0.5,Bracelet,iOS/Android
6885584b6e429e83655a35a1693e9122,37,6,108,2,222,0,139,45,2.316666666666667,0.75,100,5,0.1,Card,iOS/Android
6885584b6e429e83655a35a1693e9122,37,6,125,3,222,1,139,45,2.316666666666667,0.75,50,1,0.5,Implantable,Android
958accf290b42699bc5534b795e5e22b,38,1,237,1,223,0,329,60,5.483333333333333,1,100,1,1,Implantable,Android
958accf290b42699bc5534b795e5e22b,38,1,306,2,223,0,329,60,5.483333333333333,1,50,5,1,Ring,Android
958accf290b42699bc5534b795e5e22b,38,1,215,3,223,1,329,60,5.483333333333333,1,100,5,0.5,Bracelet,iOS/Android
958accf290b42699bc5534b795e5e22b,38,2,298,1,224,0,329,60,5.483333333333333,1,100,5,1,Ring,iOS
958accf290b42699bc5534b795e5e22b,38,2,132,2,224,1,329,60,5.483333333333333,1,100,1,0.5,Card,Android
958accf290b42699bc5534b795e5e22b,38,2,281,3,224,0,329,60,5.483333333333333,1,50,3,1,Implantable,iOS/Android
958accf290b42699bc5534b795e5e22b,38,3,223,1,225,0,329,60,5.483333333333333,1,50,1,1,Bracelet,iOS
958accf290b42699bc5534b795e5e22b,38,3,78,2,225,1,329,60,5.483333333333333,1,50,5,0.1,Ring,iOS
958accf290b42699bc5534b795e5e22b,38,3,266,3,225,0,329,60,5.483333333333333,1,25,3,1,Ring,Android
958accf290b42699bc5534b795e5e22b,38,4,296,1,226,0,329,60,5.483333333333333,1,50,5,1,Card,iOS
958accf290b42699bc5534b795e5e22b,38,4,215,2,226,1,329,60,5.483333333333333,1,100,5,0.5,Bracelet,iOS/Android
958accf290b42699bc5534b795e5e22b,38,4,11,3,226,0,329,60,5.483333333333333,1,100,1,0.1,Bracelet,iOS
958accf290b42699bc5534b795e5e22b,38,5,251,1,227,1,329,60,5.483333333333333,1,100,1,1,Bracelet,iOS/Android
958accf290b42699bc5534b795e5e22b,38,5,230,2,227,0,329,60,5.483333333333333,1,25,1,1,Ring,Android
958accf290b42699bc5534b795e5e22b,38,5,61,3,227,0,329,60,5.483333333333333,1,25,3,0.1,Implantable,iOS/Android
958accf290b42699bc5534b795e5e22b,38,6,59,1,228,0,329,60,5.483333333333333,1,100,3,0.1,Bracelet,Android
958accf290b42699bc5534b795e5e22b,38,6,190,2,228,1,329,60,5.483333333333333,1,100,5,0.5,Ring,iOS
958accf290b42699bc5534b795e5e22b,38,6,259,3,228,0,329,60,5.483333333333333,1,50,3,1,Bracelet,iOS
0c85976d6319a25c5c31fe149e5b08fb,39,1,24,1,229,1,218,83,3.6333333333333333,1.3833333333333333,100,1,0.1,Card,Android
0c85976d6319a25c5c31fe149e5b08fb,39,1,283,2,229,0,218,83,3.6333333333333333,1.3833333333333333,50,3,1,Bracelet,iOS/Android
0c85976d6319a25c5c31fe149e5b08fb,39,1,246,3,229,0,218,83,3.6333333333333333,1.3833333333333333,50,1,1,Ring,iOS/Android
0c85976d6319a25c5c31fe149e5b08fb,39,2,173,1,230,1,218,83,3.6333333333333333,1.3833333333333333,50,3,0.5,Implantable,iOS/Android
0c85976d6319a25c5c31fe149e5b08fb,39,2,219,2,230,0,218,83,3.6333333333333333,1.3833333333333333,25,1,1,Bracelet,iOS
0c85976d6319a25c5c31fe149e5b08fb,39,2,70,3,230,0,218,83,3.6333333333333333,1.3833333333333333,100,3,0.1,Ring,iOS/Android
0c85976d6319a25c5c31fe149e5b08fb,39,3,263,1,231,1,218,83,3.6333333333333333,1.3833333333333333,100,3,1,Bracelet,iOS
0c85976d6319a25c5c31fe149e5b08fb,39,3,184,2,231,0,218,83,3.6333333333333333,1.3833333333333333,25,5,0.5,Card,iOS
0c85976d6319a25c5c31fe149e5b08fb,39,3,270,3,231,0,218,83,3.6333333333333333,1.3833333333333333,50,3,1,Ring,Android
0c85976d6319a25c5c31fe149e5b08fb,39,4,167,1,232,0,218,83,3.6333333333333333,1.3833333333333333,100,3,0.5,Bracelet,Android
0c85976d6319a25c5c31fe149e5b08fb,39,4,225,2,232,1,218,83,3.6333333333333333,1.3833333333333333,100,1,1,Implantable,iOS
0c85976d6319a25c5c31fe149e5b08fb,39,4,69,3,232,0,218,83,3.6333333333333333,1.3833333333333333,100,3,0.1,Implantable,iOS/Android
0c85976d6319a25c5c31fe149e5b08fb,39,5,204,1,233,1,218,83,3.6333333333333333,1.3833333333333333,100,5,0.5,Card,Android
0c85976d6319a25c5c31fe149e5b08fb,39,5,250,2,233,0,218,83,3.6333333333333333,1.3833333333333333,100,1,1,Ring,iOS/Android
0c85976d6319a25c5c31fe149e5b08fb,39,5,176,3,233,0,218,83,3.6333333333333333,1.3833333333333333,50,3,0.5,Card,iOS/Android
0c85976d6319a25c5c31fe149e5b08fb,39,6,51,1,234,0,218,83,3.6333333333333333,1.3833333333333333,25,3,0.1,Bracelet,Android
0c85976d6319a25c5c31fe149e5b08fb,39,6,201,2,234,0,218,83,3.6333333333333333,1.3833333333333333,100,5,0.5,Implantable,Android
0c85976d6319a25c5c31fe149e5b08fb,39,6,285,3,234,1,218,83,3.6333333333333333,1.3833333333333333,100,3,1,Implantable,iOS/Android
1f8e35b8a22b9fc45b278f809b973651,40,1,127,1,235,0,125,31,2.0833333333333335,0.5166666666666667,50,1,0.5,Bracelet,Android
1f8e35b8a22b9fc45b278f809b973651,40,1,315,2,235,1,125,31,2.0833333333333335,0.5166666666666667,25,5,1,Bracelet,iOS/Android
1f8e35b8a22b9fc45b278f809b973651,40,1,52,3,235,0,125,31,2.0833333333333335,0.5166666666666667,25,3,0.1,Card,Android
1f8e35b8a22b9fc45b278f809b973651,40,2,228,1,236,0,125,31,2.0833333333333335,0.5166666666666667,100,1,1,Card,iOS
1f8e35b8a22b9fc45b278f809b973651,40,2,258,2,236,0,125,31,2.0833333333333335,0.5166666666666667,50,3,1,Ring,iOS
1f8e35b8a22b9fc45b278f809b973651,40,2,276,3,236,1,125,31,2.0833333333333335,0.5166666666666667,100,3,1,Card,Android
1f8e35b8a22b9fc45b278f809b973651,40,3,110,1,237,0,125,31,2.0833333333333335,0.5166666666666667,25,1,0.5,Ring,iOS
1f8e35b8a22b9fc45b278f809b973651,40,3,60,2,237,0,125,31,2.0833333333333335,0.5166666666666667,100,3,0.1,Card,Android
1f8e35b8a22b9fc45b278f809b973651,40,3,146,3,237,1,125,31,2.0833333333333335,0.5166666666666667,25,3,0.5,Ring,iOS
1f8e35b8a22b9fc45b278f809b973651,40,4,31,1,238,0,125,31,2.0833333333333335,0.5166666666666667,50,1,0.1,Bracelet,iOS/Android
1f8e35b8a22b9fc45b278f809b973651,40,4,244,2,238,0,125,31,2.0833333333333335,0.5166666666666667,25,1,1,Card,iOS/Android
1f8e35b8a22b9fc45b278f809b973651,40,4,275,3,238,1,125,31,2.0833333333333335,0.5166666666666667,100,3,1,Bracelet,Android
1f8e35b8a22b9fc45b278f809b973651,40,5,120,1,239,0,125,31,2.0833333333333335,0.5166666666666667,100,1,0.5,Card,iOS
1f8e35b8a22b9fc45b278f809b973651,40,5,163,2,239,1,125,31,2.0833333333333335,0.5166666666666667,50,3,0.5,Bracelet,Android
1f8e35b8a22b9fc45b278f809b973651,40,5,212,3,239,0,125,31,2.0833333333333335,0.5166666666666667,50,5,0.5,Card,iOS/Android
1f8e35b8a22b9fc45b278f809b973651,40,6,227,1,240,1,125,31,2.0833333333333335,0.5166666666666667,100,1,1,Bracelet,iOS
1f8e35b8a22b9fc45b278f809b973651,40,6,203,2,240,0,125,31,2.0833333333333335,0.5166666666666667,100,5,0.5,Bracelet,Android
1f8e35b8a22b9fc45b278f809b973651,40,6,241,3,240,0,125,31,2.0833333333333335,0.5166666666666667,25,1,1,Implantable,iOS/Android
bd0a6b65fe60e2788fcc79ce925db94f,41,1,304,1,241,0,174,37,2.9,0.6166666666666667,25,5,1,Card,Android
bd0a6b65fe60e2788fcc79ce925db94f,41,1,161,2,241,1,174,37,2.9,0.6166666666666667,50,3,0.5,Implantable,Android
bd0a6b65fe60e2788fcc79ce925db94f,41,1,184,3,241,0,174,37,2.9,0.6166666666666667,25,5,0.5,Card,iOS
bd0a6b65fe60e2788fcc79ce925db94f,41,2,290,1,242,0,174,37,2.9,0.6166666666666667,25,5,1,Ring,iOS
bd0a6b65fe60e2788fcc79ce925db94f,41,2,264,2,242,0,174,37,2.9,0.6166666666666667,100,3,1,Card,iOS
bd0a6b65fe60e2788fcc79ce925db94f,41,2,171,3,242,1,174,37,2.9,0.6166666666666667,25,3,0.5,Bracelet,iOS/Android
bd0a6b65fe60e2788fcc79ce925db94f,41,3,160,1,243,0,174,37,2.9,0.6166666666666667,25,3,0.5,Card,Android
bd0a6b65fe60e2788fcc79ce925db94f,41,3,134,2,243,1,174,37,2.9,0.6166666666666667,25,1,0.5,Ring,iOS/Android
bd0a6b65fe60e2788fcc79ce925db94f,41,3,95,3,243,0,174,37,2.9,0.6166666666666667,100,5,0.1,Bracelet,Android
bd0a6b65fe60e2788fcc79ce925db94f,41,4,168,1,244,1,174,37,2.9,0.6166666666666667,100,3,0.5,Card,Android
bd0a6b65fe60e2788fcc79ce925db94f,41,4,250,2,244,0,174,37,2.9,0.6166666666666667,100,1,1,Ring,iOS/Android
bd0a6b65fe60e2788fcc79ce925db94f,41,4,172,3,244,0,174,37,2.9,0.6166666666666667,25,3,0.5,Card,iOS/Android
bd0a6b65fe60e2788fcc79ce925db94f,41,5,158,1,245,0,174,37,2.9,0.6166666666666667,25,3,0.5,Ring,Android
bd0a6b65fe60e2788fcc79ce925db94f,41,5,255,2,245,0,174,37,2.9,0.6166666666666667,25,3,1,Bracelet,iOS
bd0a6b65fe60e2788fcc79ce925db94f,41,5,169,3,245,1,174,37,2.9,0.6166666666666667,25,3,0.5,Implantable,iOS/Android
bd0a6b65fe60e2788fcc79ce925db94f,41,6,35,1,246,0,174,37,2.9,0.6166666666666667,100,1,0.1,Bracelet,iOS/Android
bd0a6b65fe60e2788fcc79ce925db94f,41,6,55,2,246,0,174,37,2.9,0.6166666666666667,50,3,0.1,Bracelet,Android
bd0a6b65fe60e2788fcc79ce925db94f,41,6,229,3,246,1,174,37,2.9,0.6166666666666667,25,1,1,Implantable,Android
161d8a21249e53144ac94c449af55642,42,1,286,1,247,1,107,32,1.7833333333333334,0.5333333333333333,100,3,1,Ring,iOS/Android
161d8a21249e53144ac94c449af55642,42,1,264,2,247,0,107,32,1.7833333333333334,0.5333333333333333,100,3,1,Card,iOS
161d8a21249e53144ac94c449af55642,42,1,92,3,247,0,107,32,1.7833333333333334,0.5333333333333333,50,5,0.1,Card,Android
161d8a21249e53144ac94c449af55642,42,2,268,1,248,0,107,32,1.7833333333333334,0.5333333333333333,25,3,1,Card,Android
161d8a21249e53144ac94c449af55642,42,2,62,2,248,0,107,32,1.7833333333333334,0.5333333333333333,25,3,0.1,Ring,iOS/Android
161d8a21249e53144ac94c449af55642,42,2,5,3,248,1,107,32,1.7833333333333334,0.5333333333333333,50,1,0.1,Implantable,iOS
161d8a21249e53144ac94c449af55642,42,3,33,1,249,0,107,32,1.7833333333333334,0.5333333333333333,100,1,0.1,Implantable,iOS/Android
161d8a21249e53144ac94c449af55642,42,3,238,2,249,1,107,32,1.7833333333333334,0.5333333333333333,100,1,1,Ring,Android
161d8a21249e53144ac94c449af55642,42,3,168,3,249,0,107,32,1.7833333333333334,0.5333333333333333,100,3,0.5,Card,Android
161d8a21249e53144ac94c449af55642,42,4,309,1,250,0,107,32,1.7833333333333334,0.5333333333333333,100,5,1,Implantable,Android
161d8a21249e53144ac94c449af55642,42,4,299,2,250,1,107,32,1.7833333333333334,0.5333333333333333,100,5,1,Bracelet,iOS
161d8a21249e53144ac94c449af55642,42,4,210,3,250,0,107,32,1.7833333333333334,0.5333333333333333,50,5,0.5,Ring,iOS/Android
161d8a21249e53144ac94c449af55642,42,5,284,1,251,0,107,32,1.7833333333333334,0.5333333333333333,50,3,1,Card,iOS/Android
161d8a21249e53144ac94c449af55642,42,5,71,2,251,1,107,32,1.7833333333333334,0.5333333333333333,100,3,0.1,Bracelet,iOS/Android
161d8a21249e53144ac94c449af55642,42,5,260,3,251,0,107,32,1.7833333333333334,0.5333333333333333,50,3,1,Card,iOS
161d8a21249e53144ac94c449af55642,42,6,50,1,252,1,107,32,1.7833333333333334,0.5333333333333333,25,3,0.1,Ring,Android
161d8a21249e53144ac94c449af55642,42,6,224,2,252,0,107,32,1.7833333333333334,0.5333333333333333,50,1,1,Card,iOS
161d8a21249e53144ac94c449af55642,42,6,305,3,252,0,107,32,1.7833333333333334,0.5333333333333333,50,5,1,Implantable,Android
634bb7fedfea36fa851a136ca7d86d6b,43,1,160,1,253,0,316,52,5.266666666666667,0.8666666666666667,25,3,0.5,Card,Android
634bb7fedfea36fa851a136ca7d86d6b,43,1,226,2,253,1,316,52,5.266666666666667,0.8666666666666667,100,1,1,Ring,iOS
634bb7fedfea36fa851a136ca7d86d6b,43,1,279,3,253,0,316,52,5.266666666666667,0.8666666666666667,25,3,1,Bracelet,iOS/Android
634bb7fedfea36fa851a136ca7d86d6b,43,2,14,1,254,0,316,52,5.266666666666667,0.8666666666666667,25,1,0.1,Ring,Android
634bb7fedfea36fa851a136ca7d86d6b,43,2,199,2,254,0,316,52,5.266666666666667,0.8666666666666667,50,5,0.5,Bracelet,Android
634bb7fedfea36fa851a136ca7d86d6b,43,2,54,3,254,1,316,52,5.266666666666667,0.8666666666666667,50,3,0.1,Ring,Android
634bb7fedfea36fa851a136ca7d86d6b,43,3,131,1,255,1,316,52,5.266666666666667,0.8666666666666667,100,1,0.5,Bracelet,Android
634bb7fedfea36fa851a136ca7d86d6b,43,3,165,2,255,0,316,52,5.266666666666667,0.8666666666666667,100,3,0.5,Implantable,Android
634bb7fedfea36fa851a136ca7d86d6b,43,3,49,3,255,0,316,52,5.266666666666667,0.8666666666666667,25,3,0.1,Implantable,Android
634bb7fedfea36fa851a136ca7d86d6b,43,4,77,1,256,0,316,52,5.266666666666667,0.8666666666666667,50,5,0.1,Implantable,iOS
634bb7fedfea36fa851a136ca7d86d6b,43,4,48,2,256,1,316,52,5.266666666666667,0.8666666666666667,100,3,0.1,Card,iOS
634bb7fedfea36fa851a136ca7d86d6b,43,4,24,3,256,0,316,52,5.266666666666667,0.8666666666666667,100,1,0.1,Card,Android
634bb7fedfea36fa851a136ca7d86d6b,43,5,297,1,257,0,316,52,5.266666666666667,0.8666666666666667,100,5,1,Implantable,iOS
634bb7fedfea36fa851a136ca7d86d6b,43,5,130,2,257,0,316,52,5.266666666666667,0.8666666666666667,100,1,0.5,Ring,Android
634bb7fedfea36fa851a136ca7d86d6b,43,5,107,3,257,1,316,52,5.266666666666667,0.8666666666666667,100,5,0.1,Bracelet,iOS/Android
634bb7fedfea36fa851a136ca7d86d6b,43,6,317,1,258,1,316,52,5.266666666666667,0.8666666666666667,50,5,1,Implantable,iOS/Android
634bb7fedfea36fa851a136ca7d86d6b,43,6,131,2,258,0,316,52,5.266666666666667,0.8666666666666667,100,1,0.5,Bracelet,Android
634bb7fedfea36fa851a136ca7d86d6b,43,6,234,3,258,0,316,52,5.266666666666667,0.8666666666666667,50,1,1,Ring,Android
d0412991997fcffca7ddf249f8389a8d,44,1,150,1,259,0,246,76,4.1,1.2666666666666666,50,3,0.5,Ring,iOS
d0412991997fcffca7ddf249f8389a8d,44,1,250,2,259,0,246,76,4.1,1.2666666666666666,100,1,1,Ring,iOS/Android
d0412991997fcffca7ddf249f8389a8d,44,1,185,3,259,1,246,76,4.1,1.2666666666666666,50,5,0.5,Implantable,iOS
d0412991997fcffca7ddf249f8389a8d,44,2,76,1,260,0,246,76,4.1,1.2666666666666666,25,5,0.1,Card,iOS
d0412991997fcffca7ddf249f8389a8d,44,2,225,2,260,1,246,76,4.1,1.2666666666666666,100,1,1,Implantable,iOS
d0412991997fcffca7ddf249f8389a8d,44,2,160,3,260,0,246,76,4.1,1.2666666666666666,25,3,0.5,Card,Android
d0412991997fcffca7ddf249f8389a8d,44,3,281,1,261,0,246,76,4.1,1.2666666666666666,50,3,1,Implantable,iOS/Android
d0412991997fcffca7ddf249f8389a8d,44,3,295,2,261,0,246,76,4.1,1.2666666666666666,50,5,1,Bracelet,iOS
d0412991997fcffca7ddf249f8389a8d,44,3,137,3,261,1,246,76,4.1,1.2666666666666666,50,1,0.5,Implantable,iOS/Android
d0412991997fcffca7ddf249f8389a8d,44,4,27,1,262,0,246,76,4.1,1.2666666666666666,25,1,0.1,Bracelet,iOS/Android
d0412991997fcffca7ddf249f8389a8d,44,4,79,2,262,0,246,76,4.1,1.2666666666666666,50,5,0.1,Bracelet,iOS
d0412991997fcffca7ddf249f8389a8d,44,4,91,3,262,1,246,76,4.1,1.2666666666666666,50,5,0.1,Bracelet,Android
d0412991997fcffca7ddf249f8389a8d,44,5,268,1,263,0,246,76,4.1,1.2666666666666666,25,3,1,Card,Android
d0412991997fcffca7ddf249f8389a8d,44,5,5,2,263,1,246,76,4.1,1.2666666666666666,50,1,0.1,Implantable,iOS
d0412991997fcffca7ddf249f8389a8d,44,5,207,3,263,0,246,76,4.1,1.2666666666666666,25,5,0.5,Bracelet,iOS/Android
d0412991997fcffca7ddf249f8389a8d,44,6,181,1,264,0,246,76,4.1,1.2666666666666666,25,5,0.5,Implantable,iOS
d0412991997fcffca7ddf249f8389a8d,44,6,279,2,264,0,246,76,4.1,1.2666666666666666,25,3,1,Bracelet,iOS/Android
d0412991997fcffca7ddf249f8389a8d,44,6,32,3,264,1,246,76,4.1,1.2666666666666666,50,1,0.1,Card,iOS/Android
55a47030a52554c2b6b1a03fa1d041bf,45,1,321,1,265,0,130,48,2.1666666666666665,0.8,100,5,1,Implantable,iOS/Android
55a47030a52554c2b6b1a03fa1d041bf,45,1,235,2,265,1,130,48,2.1666666666666665,0.8,50,1,1,Bracelet,Android
55a47030a52554c2b6b1a03fa1d041bf,45,1,159,3,265,0,130,48,2.1666666666666665,0.8,25,3,0.5,Bracelet,Android
55a47030a52554c2b6b1a03fa1d041bf,45,2,84,1,266,1,130,48,2.1666666666666665,0.8,100,5,0.1,Card,iOS
55a47030a52554c2b6b1a03fa1d041bf,45,2,64,2,266,0,130,48,2.1666666666666665,0.8,25,3,0.1,Card,iOS/Android
55a47030a52554c2b6b1a03fa1d041bf,45,2,108,3,266,0,130,48,2.1666666666666665,0.8,100,5,0.1,Card,iOS/Android
55a47030a52554c2b6b1a03fa1d041bf,45,3,272,1,267,0,130,48,2.1666666666666665,0.8,50,3,1,Card,Android
55a47030a52554c2b6b1a03fa1d041bf,45,3,227,2,267,0,130,48,2.1666666666666665,0.8,100,1,1,Bracelet,iOS
55a47030a52554c2b6b1a03fa1d041bf,45,3,214,3,267,1,130,48,2.1666666666666665,0.8,100,5,0.5,Ring,iOS/Android
55a47030a52554c2b6b1a03fa1d041bf,45,4,217,1,268,1,130,48,2.1666666666666665,0.8,25,1,1,Implantable,iOS
55a47030a52554c2b6b1a03fa1d041bf,45,4,266,2,268,0,130,48,2.1666666666666665,0.8,25,3,1,Ring,Android
55a47030a52554c2b6b1a03fa1d041bf,45,4,57,3,268,0,130,48,2.1666666666666665,0.8,100,3,0.1,Implantable,Android
55a47030a52554c2b6b1a03fa1d041bf,45,5,140,1,269,0,130,48,2.1666666666666665,0.8,50,1,0.5,Card,iOS/Android
55a47030a52554c2b6b1a03fa1d041bf,45,5,307,2,269,1,130,48,2.1666666666666665,0.8,50,5,1,Bracelet,Android
55a47030a52554c2b6b1a03fa1d041bf,45,5,214,3,269,0,130,48,2.1666666666666665,0.8,100,5,0.5,Ring,iOS/Android
55a47030a52554c2b6b1a03fa1d041bf,45,6,2,1,270,1,130,48,2.1666666666666665,0.8,25,1,0.1,Ring,iOS
55a47030a52554c2b6b1a03fa1d041bf,45,6,63,2,270,0,130,48,2.1666666666666665,0.8,25,3,0.1,Bracelet,iOS/Android
55a47030a52554c2b6b1a03fa1d041bf,45,6,214,3,270,0,130,48,2.1666666666666665,0.8,100,5,0.5,Ring,iOS/Android
26473fc4d73344f26b28e857a041adc7,46,1,315,1,271,0,218,35,3.6333333333333333,0.5833333333333334,25,5,1,Bracelet,iOS/Android
26473fc4d73344f26b28e857a041adc7,46,1,140,2,271,0,218,35,3.6333333333333333,0.5833333333333334,50,1,0.5,Card,iOS/Android
26473fc4d73344f26b28e857a041adc7,46,1,124,3,271,1,218,35,3.6333333333333333,0.5833333333333334,25,1,0.5,Card,Android
26473fc4d73344f26b28e857a041adc7,46,2,313,1,272,0,218,35,3.6333333333333333,0.5833333333333334,25,5,1,Implantable,iOS/Android
26473fc4d73344f26b28e857a041adc7,46,2,315,2,272,0,218,35,3.6333333333333333,0.5833333333333334,25,5,1,Bracelet,iOS/Android
26473fc4d73344f26b28e857a041adc7,46,2,111,3,272,1,218,35,3.6333333333333333,0.5833333333333334,25,1,0.5,Bracelet,iOS
26473fc4d73344f26b28e857a041adc7,46,3,34,1,273,1,218,35,3.6333333333333333,0.5833333333333334,100,1,0.1,Ring,iOS/Android
26473fc4d73344f26b28e857a041adc7,46,3,271,2,273,0,218,35,3.6333333333333333,0.5833333333333334,50,3,1,Bracelet,Android
26473fc4d73344f26b28e857a041adc7,46,3,167,3,273,0,218,35,3.6333333333333333,0.5833333333333334,100,3,0.5,Bracelet,Android
26473fc4d73344f26b28e857a041adc7,46,4,194,1,274,0,218,35,3.6333333333333333,0.5833333333333334,25,5,0.5,Ring,Android
26473fc4d73344f26b28e857a041adc7,46,4,254,2,274,0,218,35,3.6333333333333333,0.5833333333333334,25,3,1,Ring,iOS
26473fc4d73344f26b28e857a041adc7,46,4,144,3,274,1,218,35,3.6333333333333333,0.5833333333333334,100,1,0.5,Card,iOS/Android
26473fc4d73344f26b28e857a041adc7,46,5,129,1,275,0,218,35,3.6333333333333333,0.5833333333333334,100,1,0.5,Implantable,Android
26473fc4d73344f26b28e857a041adc7,46,5,225,2,275,0,218,35,3.6333333333333333,0.5833333333333334,100,1,1,Implantable,iOS
26473fc4d73344f26b28e857a041adc7,46,5,134,3,275,1,218,35,3.6333333333333333,0.5833333333333334,25,1,0.5,Ring,iOS/Android
26473fc4d73344f26b28e857a041adc7,46,6,299,1,276,0,218,35,3.6333333333333333,0.5833333333333334,100,5,1,Bracelet,iOS
26473fc4d73344f26b28e857a041adc7,46,6,191,2,276,0,218,35,3.6333333333333333,0.5833333333333334,100,5,0.5,Bracelet,iOS
26473fc4d73344f26b28e857a041adc7,46,6,82,3,276,1,218,35,3.6333333333333333,0.5833333333333334,100,5,0.1,Ring,iOS
c23ae6ae4080def45ef63d5dd6bd1bb4,47,1,181,1,277,0,150,34,2.5,0.5666666666666667,25,5,0.5,Implantable,iOS
c23ae6ae4080def45ef63d5dd6bd1bb4,47,1,219,2,277,1,150,34,2.5,0.5666666666666667,25,1,1,Bracelet,iOS
c23ae6ae4080def45ef63d5dd6bd1bb4,47,1,182,3,277,0,150,34,2.5,0.5666666666666667,25,5,0.5,Ring,iOS
c23ae6ae4080def45ef63d5dd6bd1bb4,47,2,194,1,278,0,150,34,2.5,0.5666666666666667,25,5,0.5,Ring,Android
c23ae6ae4080def45ef63d5dd6bd1bb4,47,2,85,2,278,1,150,34,2.5,0.5666666666666667,25,5,0.1,Implantable,Android
c23ae6ae4080def45ef63d5dd6bd1bb4,47,2,116,3,278,0,150,34,2.5,0.5666666666666667,50,1,0.5,Card,iOS
c23ae6ae4080def45ef63d5dd6bd1bb4,47,3,173,1,279,0,150,34,2.5,0.5666666666666667,50,3,0.5,Implantable,iOS/Android
c23ae6ae4080def45ef63d5dd6bd1bb4,47,3,321,2,279,0,150,34,2.5,0.5666666666666667,100,5,1,Implantable,iOS/Android
c23ae6ae4080def45ef63d5dd6bd1bb4,47,3,248,3,279,1,150,34,2.5,0.5666666666666667,50,1,1,Card,iOS/Android
c23ae6ae4080def45ef63d5dd6bd1bb4,47,4,261,1,280,0,150,34,2.5,0.5666666666666667,100,3,1,Implantable,iOS
c23ae6ae4080def45ef63d5dd6bd1bb4,47,4,227,2,280,1,150,34,2.5,0.5666666666666667,100,1,1,Bracelet,iOS
c23ae6ae4080def45ef63d5dd6bd1bb4,47,4,27,3,280,0,150,34,2.5,0.5666666666666667,25,1,0.1,Bracelet,iOS/Android
c23ae6ae4080def45ef63d5dd6bd1bb4,47,5,200,1,281,0,150,34,2.5,0.5666666666666667,50,5,0.5,Card,Android
c23ae6ae4080def45ef63d5dd6bd1bb4,47,5,92,2,281,1,150,34,2.5,0.5666666666666667,50,5,0.1,Card,Android
c23ae6ae4080def45ef63d5dd6bd1bb4,47,5,319,3,281,0,150,34,2.5,0.5666666666666667,50,5,1,Bracelet,iOS/Android
c23ae6ae4080def45ef63d5dd6bd1bb4,47,6,160,1,282,1,150,34,2.5,0.5666666666666667,25,3,0.5,Card,Android
c23ae6ae4080def45ef63d5dd6bd1bb4,47,6,208,2,282,0,150,34,2.5,0.5666666666666667,25,5,0.5,Card,iOS/Android
c23ae6ae4080def45ef63d5dd6bd1bb4,47,6,121,3,282,0,150,34,2.5,0.5666666666666667,25,1,0.5,Implantable,Android
781b49a89b9799e157b0de5aeecd85ce,48,1,221,1,283,0,178,47,2.966666666666667,0.7833333333333333,50,1,1,Implantable,iOS
781b49a89b9799e157b0de5aeecd85ce,48,1,100,2,283,0,178,47,2.966666666666667,0.7833333333333333,25,5,0.1,Card,iOS/Android
781b49a89b9799e157b0de5aeecd85ce,48,1,78,3,283,1,178,47,2.966666666666667,0.7833333333333333,50,5,0.1,Ring,iOS
781b49a89b9799e157b0de5aeecd85ce,48,2,286,1,284,0,178,47,2.966666666666667,0.7833333333333333,100,3,1,Ring,iOS/Android
781b49a89b9799e157b0de5aeecd85ce,48,2,95,2,284,1,178,47,2.966666666666667,0.7833333333333333,100,5,0.1,Bracelet,Android
781b49a89b9799e157b0de5aeecd85ce,48,2,198,3,284,0,178,47,2.966666666666667,0.7833333333333333,50,5,0.5,Ring,Android
781b49a89b9799e157b0de5aeecd85ce,48,3,215,1,285,0,178,47,2.966666666666667,0.7833333333333333,100,5,0.5,Bracelet,iOS/Android
781b49a89b9799e157b0de5aeecd85ce,48,3,288,2,285,1,178,47,2.966666666666667,0.7833333333333333,100,3,1,Card,iOS/Android
781b49a89b9799e157b0de5aeecd85ce,48,3,3,3,285,0,178,47,2.966666666666667,0.7833333333333333,25,1,0.1,Bracelet,iOS
781b49a89b9799e157b0de5aeecd85ce,48,4,285,1,286,1,178,47,2.966666666666667,0.7833333333333333,100,3,1,Implantable,iOS/Android
781b49a89b9799e157b0de5aeecd85ce,48,4,107,2,286,0,178,47,2.966666666666667,0.7833333333333333,100,5,0.1,Bracelet,iOS/Android
781b49a89b9799e157b0de5aeecd85ce,48,4,268,3,286,0,178,47,2.966666666666667,0.7833333333333333,25,3,1,Card,Android
781b49a89b9799e157b0de5aeecd85ce,48,5,233,1,287,0,178,47,2.966666666666667,0.7833333333333333,50,1,1,Implantable,Android
781b49a89b9799e157b0de5aeecd85ce,48,5,35,2,287,0,178,47,2.966666666666667,0.7833333333333333,100,1,0.1,Bracelet,iOS/Android
781b49a89b9799e157b0de5aeecd85ce,48,5,237,3,287,1,178,47,2.966666666666667,0.7833333333333333,100,1,1,Implantable,Android
781b49a89b9799e157b0de5aeecd85ce,48,6,243,1,288,0,178,47,2.966666666666667,0.7833333333333333,25,1,1,Bracelet,iOS/Android
781b49a89b9799e157b0de5aeecd85ce,48,6,321,2,288,1,178,47,2.966666666666667,0.7833333333333333,100,5,1,Implantable,iOS/Android
781b49a89b9799e157b0de5aeecd85ce,48,6,241,3,288,0,178,47,2.966666666666667,0.7833333333333333,25,1,1,Implantable,iOS/Android
2d4be64663760f9c6669a8639b7f0a81,49,1,205,1,289,0,8789,129,146.48333333333332,2.15,25,5,0.5,Implantable,iOS/Android
2d4be64663760f9c6669a8639b7f0a81,49,1,178,2,289,0,8789,129,146.48333333333332,2.15,100,3,0.5,Ring,iOS/Android
2d4be64663760f9c6669a8639b7f0a81,49,1,124,3,289,1,8789,129,146.48333333333332,2.15,25,1,0.5,Card,Android
2d4be64663760f9c6669a8639b7f0a81,49,2,277,1,290,1,8789,129,146.48333333333332,2.15,25,3,1,Implantable,iOS/Android
2d4be64663760f9c6669a8639b7f0a81,49,2,102,2,290,0,8789,129,146.48333333333332,2.15,50,5,0.1,Ring,iOS/Android
2d4be64663760f9c6669a8639b7f0a81,49,2,57,3,290,0,8789,129,146.48333333333332,2.15,100,3,0.1,Implantable,Android
2d4be64663760f9c6669a8639b7f0a81,49,3,314,1,291,0,8789,129,146.48333333333332,2.15,25,5,1,Ring,iOS/Android
2d4be64663760f9c6669a8639b7f0a81,49,3,33,2,291,0,8789,129,146.48333333333332,2.15,100,1,0.1,Implantable,iOS/Android
2d4be64663760f9c6669a8639b7f0a81,49,3,285,3,291,1,8789,129,146.48333333333332,2.15,100,3,1,Implantable,iOS/Android
2d4be64663760f9c6669a8639b7f0a81,49,4,222,1,292,0,8789,129,146.48333333333332,2.15,50,1,1,Ring,iOS
2d4be64663760f9c6669a8639b7f0a81,49,4,201,2,292,1,8789,129,146.48333333333332,2.15,100,5,0.5,Implantable,Android
2d4be64663760f9c6669a8639b7f0a81,49,4,24,3,292,0,8789,129,146.48333333333332,2.15,100,1,0.1,Card,Android
2d4be64663760f9c6669a8639b7f0a81,49,5,47,1,293,1,8789,129,146.48333333333332,2.15,100,3,0.1,Bracelet,iOS
2d4be64663760f9c6669a8639b7f0a81,49,5,161,2,293,0,8789,129,146.48333333333332,2.15,50,3,0.5,Implantable,Android
2d4be64663760f9c6669a8639b7f0a81,49,5,302,3,293,0,8789,129,146.48333333333332,2.15,25,5,1,Ring,Android
2d4be64663760f9c6669a8639b7f0a81,49,6,57,1,294,0,8789,129,146.48333333333332,2.15,100,3,0.1,Implantable,Android
2d4be64663760f9c6669a8639b7f0a81,49,6,296,2,294,1,8789,129,146.48333333333332,2.15,50,5,1,Card,iOS
2d4be64663760f9c6669a8639b7f0a81,49,6,234,3,294,0,8789,129,146.48333333333332,2.15,50,1,1,Ring,Android
