"0","# Define the option vector"
"0",""
"0","apple_buttons_option <- c(""option_1"", ""option_2"", ""option_3"")"
"0",""
"0","# Change the names of each element to display markdown-formatted"
"0","# text and an embedded image using html"
"0",""
"0","names(apple_buttons_option)[1] <- """
"0","  **Option 1**<br>"
"0","  <img src='images/fuji.jpg' width=100><br>"
"0","  **Type**: Fuji<br>"
"0","  **Price**: $ 2 / lb<br>"
"0","  **Freshness**: Average"
"0",""""
"0","names(apple_buttons_option)[2] <- """
"0","  **Option 2**<br>"
"0","  <img src='images/pinkLady.jpg' width=100><br>"
"0","  **Type**: Pink Lady<br>"
"0","  **Price**: $ 1.5 / lb<br>"
"0","  **Freshness**: Excellent"
"0",""""
"0","names(apple_buttons_option)[3] <- """
"0","  **Option 3**<br>"
"0","  <img src='images/honeycrisp.jpg' width=100><br>"
"0","  **Type**: Honeycrisp<br>"
"0","  **Price**: $ 2 / lb<br>"
"0","  **Freshness**: Poor"
"0",""""
"0",""
"0","sd_question("
"0","  type   = 'mc_buttons',"
"0","  id     = 'cbc_practice',"
"0","  label  = ""For example, if these were the only apples available, which would you choose?"","
"0","  option = apple_buttons_option"
"0",")"
