"0",""
"0","educations <- c("
"0","  ""Less than high school"" = ""less_than_high_school"","
"0","  ""High school""           = ""high_school"","
"0","  ""Some college""          = ""some_college"","
"0","  ""Associate's degree""    = ""associate_degree"","
"0","  ""Bachelor's degree""     = ""bachelor_degree"","
"0","  ""Master's degree""       = ""master_degree"","
"0","  ""Doctoral degree""       = ""doctoral_degree"","
"0","  ""Prefer not to say""     = ""prefer_not_to_say"""
"0",")"
"0",""
"0","sd_question("
"0","  type   = 'select',"
"0","  id     = 'education',"
"0","  label  = ""(4) What is the highest degree or level of school you have completed? If currently enrolled, please use the highest degree received."","
"0","  option = educations"
"0",")"
