"0",""
"0","genders <- c("
"0","  ""Male""                     = ""male"","
"0","  ""Female""                   = ""female"", "
"0","  ""Non-binary""               = ""non_binary"", "
"0","  ""Trans male/trans man""     = ""trans_male"","
"0","  ""Trans female/trans woman"" = ""trans_female"","
"0","  ""Prefer not to say""        = ""prefer_not_to_say"""
"0",")"
"0",""
"0","sd_question("
"0","  type   = 'select',"
"0","  id     = 'gender',"
"0","  label  = ""(2) What is your current gender identity?"","
"0","  option = genders"
"0",")"
