"0",""
"0","races <- c("
"0","  ""White (Not of Hispanic or Latino origin)""  = ""white"","
"0","  ""African American or Black""                 = ""black"","
"0","  ""Asian""                                     = ""asian"","
"0","  ""Hispanic or Latino""                        = ""hispanic"","
"0","  ""American Indian or Alaska Native""          = ""native_american"","
"0","  ""Native Hawaiian or Other Pacific Islander"" = ""pacific_islander"","
"0","  ""Prefer not to say""                         = ""prefer_not_to_say"""
"0",")"
"0",""
"0","sd_question("
"0","  type   = 'select',"
"0","  id     = 'race',"
"0","  label  = ""(3) I identify my race as (select all that apply):"","
"0","  option = races"
"0",")"
